﻿<?xml version="1.0" encoding="utf-8"?>
<abapGit version="v1.0.0" serializer="LCL_OBJECT_PROG" serializer_version="v1.0.0">
 <asx:abap xmlns:asx="http://www.sap.com/abapxml" version="1.0">
  <asx:values>
   <PROGDIR>
    <NAME>ZTEST_TOOL_04</NAME>
    <DBAPL>S</DBAPL>
    <SUBC>1</SUBC>
    <FIXPT>X</FIXPT>
    <LDBNAME>D$S</LDBNAME>
    <UCCHECK>X</UCCHECK>
   </PROGDIR>
   <DYNPROS>
    <item>
     <HEADER>
      <PROGRAM>ZTEST_TOOL_04</PROGRAM>
      <SCREEN>9000</SCREEN>
      <LANGUAGE>1</LANGUAGE>
      <DESCRIPT>数据字典创建</DESCRIPT>
      <TYPE>N</TYPE>
      <NEXTSCREEN>9000</NEXTSCREEN>
      <LINES>148</LINES>
      <COLUMNS>210</COLUMNS>
     </HEADER>
     <CONTAINERS>
      <RPY_DYCATT>
       <TYPE>SCREEN</TYPE>
       <NAME>SCREEN</NAME>
      </RPY_DYCATT>
      <RPY_DYCATT>
       <TYPE>TABLE_CTRL</TYPE>
       <NAME>TC_FIELDS</NAME>
       <ELEMENT_OF>SCREEN</ELEMENT_OF>
       <LINE>018</LINE>
       <COLUMN>092</COLUMN>
       <LENGTH>104</LENGTH>
       <HEIGHT>035</HEIGHT>
       <C_RESIZE_V>X</C_RESIZE_V>
       <C_RESIZE_H>X</C_RESIZE_H>
       <C_LINE_MIN>005</C_LINE_MIN>
       <C_COLN_MIN>015</C_COLN_MIN>
       <C_SCROLL_V>X</C_SCROLL_V>
       <C_SCROLL_H>X</C_SCROLL_H>
       <TC_TABTYPE>ENTRY</TC_TABTYPE>
       <TC_SEPAR_V>X</TC_SEPAR_V>
       <TC_SEPAR_H>X</TC_SEPAR_H>
       <TC_HEADER>X</TC_HEADER>
       <TC_CONFIG>X</TC_CONFIG>
       <TC_SEL_LNS>MULTIPLE</TC_SEL_LNS>
       <TC_SEL_CLS>NONE</TC_SEL_CLS>
       <TC_LSEL_CL>X</TC_LSEL_CL>
      </RPY_DYCATT>
     </CONTAINERS>
     <FIELDS>
      <RPY_DYFATC>
       <CONT_TYPE>SCREEN</CONT_TYPE>
       <CONT_NAME>SCREEN</CONT_NAME>
       <TYPE>FRAME</TYPE>
       <NAME>FRAME01</NAME>
       <TEXT>数据字典类型______________________________________________________________________________________________________________________________</TEXT>
       <LINE>001</LINE>
       <COLUMN>001</COLUMN>
       <LENGTH>200</LENGTH>
       <VISLENGTH>200</VISLENGTH>
       <HEIGHT>005</HEIGHT>
       <FORMAT>CHAR</FORMAT>
       <REQU_ENTRY>N</REQU_ENTRY>
      </RPY_DYFATC>
      <RPY_DYFATC>
       <CONT_TYPE>SCREEN</CONT_TYPE>
       <CONT_NAME>SCREEN</CONT_NAME>
       <TYPE>TEXT</TYPE>
       <NAME>DATA_DICTIONARY_TYPE</NAME>
       <TEXT>字典对象_____</TEXT>
       <LINE>002</LINE>
       <COLUMN>003</COLUMN>
       <LENGTH>009</LENGTH>
       <VISLENGTH>009</VISLENGTH>
       <HEIGHT>001</HEIGHT>
       <FORMAT>CHAR</FORMAT>
       <REQU_ENTRY>N</REQU_ENTRY>
       <LABELLEFT>X</LABELLEFT>
      </RPY_DYFATC>
      <RPY_DYFATC>
       <CONT_TYPE>SCREEN</CONT_TYPE>
       <CONT_NAME>SCREEN</CONT_NAME>
       <TYPE>TEMPLATE</TYPE>
       <NAME>DATA_DICTIONARY_TYPE</NAME>
       <TEXT>_____________________</TEXT>
       <DROPDOWN>L</DROPDOWN>
       <LINE>002</LINE>
       <COLUMN>013</COLUMN>
       <LENGTH>021</LENGTH>
       <VISLENGTH>023</VISLENGTH>
       <HEIGHT>001</HEIGHT>
       <PUSH_FCODE>TYPE_CHANGE</PUSH_FCODE>
       <FORMAT>CHAR</FORMAT>
       <INPUT_FLD>X</INPUT_FLD>
       <OUTPUT_FLD>X</OUTPUT_FLD>
       <REQU_ENTRY>O</REQU_ENTRY>
      </RPY_DYFATC>
      <RPY_DYFATC>
       <CONT_TYPE>SCREEN</CONT_TYPE>
       <CONT_NAME>SCREEN</CONT_NAME>
       <TYPE>TEXT</TYPE>
       <NAME>DEVCLASS</NAME>
       <TEXT>包________</TEXT>
       <LINE>003</LINE>
       <COLUMN>003</COLUMN>
       <LENGTH>009</LENGTH>
       <VISLENGTH>009</VISLENGTH>
       <HEIGHT>001</HEIGHT>
       <FORMAT>CHAR</FORMAT>
       <REQU_ENTRY>N</REQU_ENTRY>
       <LABELLEFT>X</LABELLEFT>
      </RPY_DYFATC>
      <RPY_DYFATC>
       <CONT_TYPE>SCREEN</CONT_TYPE>
       <CONT_NAME>SCREEN</CONT_NAME>
       <TYPE>TEMPLATE</TYPE>
       <NAME>DEVCLASS</NAME>
       <TEXT>______________________________</TEXT>
       <LINE>003</LINE>
       <COLUMN>013</COLUMN>
       <LENGTH>030</LENGTH>
       <VISLENGTH>030</VISLENGTH>
       <HEIGHT>001</HEIGHT>
       <FORMAT>CHAR</FORMAT>
       <INPUT_FLD>X</INPUT_FLD>
       <OUTPUT_FLD>X</OUTPUT_FLD>
       <MATCHCODE>DEVCLASS</MATCHCODE>
      </RPY_DYFATC>
      <RPY_DYFATC>
       <CONT_TYPE>SCREEN</CONT_TYPE>
       <CONT_NAME>SCREEN</CONT_NAME>
       <TYPE>TEMPLATE</TYPE>
       <NAME>CTEXT</NAME>
       <TEXT>__________________________________________________________________________________________________________</TEXT>
       <ROLLING>X</ROLLING>
       <LINE>003</LINE>
       <COLUMN>044</COLUMN>
       <LENGTH>106</LENGTH>
       <VISLENGTH>106</VISLENGTH>
       <HEIGHT>001</HEIGHT>
       <FORMAT>CHAR</FORMAT>
       <UP_LOWER>X</UP_LOWER>
       <OUTPUT_FLD>X</OUTPUT_FLD>
       <OUTPUTONLY>X</OUTPUTONLY>
       <REQU_ENTRY>N</REQU_ENTRY>
      </RPY_DYFATC>
      <RPY_DYFATC>
       <CONT_TYPE>SCREEN</CONT_TYPE>
       <CONT_NAME>SCREEN</CONT_NAME>
       <TYPE>TEXT</TYPE>
       <NAME>TR_TRKORR</NAME>
       <TEXT>请求_______</TEXT>
       <LINE>004</LINE>
       <COLUMN>003</COLUMN>
       <LENGTH>009</LENGTH>
       <VISLENGTH>009</VISLENGTH>
       <HEIGHT>001</HEIGHT>
       <FORMAT>CHAR</FORMAT>
       <REQU_ENTRY>N</REQU_ENTRY>
       <LABELLEFT>X</LABELLEFT>
      </RPY_DYFATC>
      <RPY_DYFATC>
       <CONT_TYPE>SCREEN</CONT_TYPE>
       <CONT_NAME>SCREEN</CONT_NAME>
       <TYPE>TEMPLATE</TYPE>
       <NAME>TR_TRKORR</NAME>
       <TEXT>____________________</TEXT>
       <LINE>004</LINE>
       <COLUMN>013</COLUMN>
       <LENGTH>020</LENGTH>
       <VISLENGTH>020</VISLENGTH>
       <HEIGHT>001</HEIGHT>
       <FORMAT>CHAR</FORMAT>
       <INPUT_FLD>X</INPUT_FLD>
       <OUTPUT_FLD>X</OUTPUT_FLD>
       <MATCHCODE>SEEF_MIG_TRKORR</MATCHCODE>
      </RPY_DYFATC>
      <RPY_DYFATC>
       <CONT_TYPE>SCREEN</CONT_TYPE>
       <CONT_NAME>SCREEN</CONT_NAME>
       <TYPE>TEMPLATE</TYPE>
       <NAME>AS4TEXT</NAME>
       <TEXT>____________________________________________________________________________________________________________________</TEXT>
       <ROLLING>X</ROLLING>
       <LINE>004</LINE>
       <COLUMN>034</COLUMN>
       <LENGTH>116</LENGTH>
       <VISLENGTH>116</VISLENGTH>
       <HEIGHT>001</HEIGHT>
       <FORMAT>CHAR</FORMAT>
       <UP_LOWER>X</UP_LOWER>
       <OUTPUT_FLD>X</OUTPUT_FLD>
       <OUTPUTONLY>X</OUTPUTONLY>
       <REQU_ENTRY>N</REQU_ENTRY>
      </RPY_DYFATC>
      <RPY_DYFATC>
       <CONT_TYPE>SCREEN</CONT_TYPE>
       <CONT_NAME>SCREEN</CONT_NAME>
       <TYPE>FRAME</TYPE>
       <NAME>FRAME02</NAME>
       <TEXT>表相关信息_______________________________________________________________________________________________________________________________</TEXT>
       <LINE>006</LINE>
       <COLUMN>001</COLUMN>
       <LENGTH>200</LENGTH>
       <VISLENGTH>200</VISLENGTH>
       <HEIGHT>007</HEIGHT>
       <FORMAT>CHAR</FORMAT>
       <REQU_ENTRY>N</REQU_ENTRY>
      </RPY_DYFATC>
      <RPY_DYFATC>
       <CONT_TYPE>SCREEN</CONT_TYPE>
       <CONT_NAME>SCREEN</CONT_NAME>
       <TYPE>TEXT</TYPE>
       <NAME>TABLE_INFORMATION-TABNAME</NAME>
       <TEXT>表名______________________</TEXT>
       <LINE>007</LINE>
       <COLUMN>002</COLUMN>
       <LENGTH>024</LENGTH>
       <VISLENGTH>024</VISLENGTH>
       <HEIGHT>001</HEIGHT>
       <GROUP1>TAB</GROUP1>
       <FORMAT>CHAR</FORMAT>
       <REQU_ENTRY>N</REQU_ENTRY>
       <LABELLEFT>X</LABELLEFT>
      </RPY_DYFATC>
      <RPY_DYFATC>
       <CONT_TYPE>SCREEN</CONT_TYPE>
       <CONT_NAME>SCREEN</CONT_NAME>
       <TYPE>TEMPLATE</TYPE>
       <NAME>TABLE_INFORMATION-TABNAME</NAME>
       <TEXT>________________</TEXT>
       <LINE>007</LINE>
       <COLUMN>027</COLUMN>
       <LENGTH>016</LENGTH>
       <VISLENGTH>016</VISLENGTH>
       <HEIGHT>001</HEIGHT>
       <GROUP1>TAB</GROUP1>
       <FORMAT>CHAR</FORMAT>
       <INPUT_FLD>X</INPUT_FLD>
       <OUTPUT_FLD>X</OUTPUT_FLD>
      </RPY_DYFATC>
      <RPY_DYFATC>
       <CONT_TYPE>SCREEN</CONT_TYPE>
       <CONT_NAME>SCREEN</CONT_NAME>
       <TYPE>PUSH</TYPE>
       <NAME>TAB_CR</NAME>
       <TEXT>创建_____________________________________________________________________________________________________________________________</TEXT>
       <ICON_NAME>ICON_CREATE</ICON_NAME>
       <WITH_ICON>X</WITH_ICON>
       <LINE>007</LINE>
       <COLUMN>062</COLUMN>
       <LENGTH>132</LENGTH>
       <VISLENGTH>008</VISLENGTH>
       <HEIGHT>001</HEIGHT>
       <GROUP1>TAB</GROUP1>
       <PUSH_FCODE>CREATE</PUSH_FCODE>
       <FORMAT>CHAR</FORMAT>
       <REQU_ENTRY>N</REQU_ENTRY>
      </RPY_DYFATC>
      <RPY_DYFATC>
       <CONT_TYPE>SCREEN</CONT_TYPE>
       <CONT_NAME>SCREEN</CONT_NAME>
       <TYPE>TEXT</TYPE>
       <NAME>TABLE_INFORMATION-DDTEXT</NAME>
       <TEXT>表描述_____________________</TEXT>
       <LINE>008</LINE>
       <COLUMN>002</COLUMN>
       <LENGTH>024</LENGTH>
       <VISLENGTH>024</VISLENGTH>
       <HEIGHT>001</HEIGHT>
       <GROUP1>TAB</GROUP1>
       <FORMAT>CHAR</FORMAT>
       <REQU_ENTRY>N</REQU_ENTRY>
       <LABELLEFT>X</LABELLEFT>
      </RPY_DYFATC>
      <RPY_DYFATC>
       <CONT_TYPE>SCREEN</CONT_TYPE>
       <CONT_NAME>SCREEN</CONT_NAME>
       <TYPE>TEMPLATE</TYPE>
       <NAME>TABLE_INFORMATION-DDTEXT</NAME>
       <TEXT>____________________________________________________________</TEXT>
       <LINE>008</LINE>
       <COLUMN>027</COLUMN>
       <LENGTH>060</LENGTH>
       <VISLENGTH>060</VISLENGTH>
       <HEIGHT>001</HEIGHT>
       <GROUP1>TAB</GROUP1>
       <FORMAT>CHAR</FORMAT>
       <UP_LOWER>X</UP_LOWER>
       <INPUT_FLD>X</INPUT_FLD>
       <OUTPUT_FLD>X</OUTPUT_FLD>
      </RPY_DYFATC>
      <RPY_DYFATC>
       <CONT_TYPE>SCREEN</CONT_TYPE>
       <CONT_NAME>SCREEN</CONT_NAME>
       <TYPE>TEXT</TYPE>
       <NAME>TABLE_INFORMATION-CONTFLAG</NAME>
       <TEXT>提交类_____________________</TEXT>
       <LINE>009</LINE>
       <COLUMN>002</COLUMN>
       <LENGTH>024</LENGTH>
       <VISLENGTH>024</VISLENGTH>
       <HEIGHT>001</HEIGHT>
       <GROUP1>TAB</GROUP1>
       <FORMAT>CHAR</FORMAT>
       <REQU_ENTRY>N</REQU_ENTRY>
       <LABELLEFT>X</LABELLEFT>
      </RPY_DYFATC>
      <RPY_DYFATC>
       <CONT_TYPE>SCREEN</CONT_TYPE>
       <CONT_NAME>SCREEN</CONT_NAME>
       <TYPE>TEMPLATE</TYPE>
       <NAME>TABLE_INFORMATION-CONTFLAG</NAME>
       <TEXT>_</TEXT>
       <LINE>009</LINE>
       <COLUMN>027</COLUMN>
       <LENGTH>001</LENGTH>
       <VISLENGTH>001</VISLENGTH>
       <HEIGHT>001</HEIGHT>
       <GROUP1>TAB</GROUP1>
       <FORMAT>CHAR</FORMAT>
       <INPUT_FLD>X</INPUT_FLD>
       <OUTPUT_FLD>X</OUTPUT_FLD>
      </RPY_DYFATC>
      <RPY_DYFATC>
       <CONT_TYPE>SCREEN</CONT_TYPE>
       <CONT_NAME>SCREEN</CONT_NAME>
       <TYPE>CHECK</TYPE>
       <NAME>TABLE_INFORMATION-MAINTFLAG</NAME>
       <TEXT>允许维护____</TEXT>
       <LINE>009</LINE>
       <COLUMN>046</COLUMN>
       <LENGTH>010</LENGTH>
       <VISLENGTH>010</VISLENGTH>
       <HEIGHT>001</HEIGHT>
       <GROUP1>TAB</GROUP1>
       <FORMAT>CHAR</FORMAT>
       <INPUT_FLD>X</INPUT_FLD>
       <OUTPUT_FLD>X</OUTPUT_FLD>
      </RPY_DYFATC>
      <RPY_DYFATC>
       <CONT_TYPE>SCREEN</CONT_TYPE>
       <CONT_NAME>SCREEN</CONT_NAME>
       <TYPE>TEXT</TYPE>
       <NAME>TABLE_INFORMATION-TABART</NAME>
       <TEXT>数据类_____________________</TEXT>
       <LINE>010</LINE>
       <COLUMN>002</COLUMN>
       <LENGTH>024</LENGTH>
       <VISLENGTH>024</VISLENGTH>
       <HEIGHT>001</HEIGHT>
       <GROUP1>TAB</GROUP1>
       <FORMAT>CHAR</FORMAT>
       <REQU_ENTRY>N</REQU_ENTRY>
       <LABELLEFT>X</LABELLEFT>
      </RPY_DYFATC>
      <RPY_DYFATC>
       <CONT_TYPE>SCREEN</CONT_TYPE>
       <CONT_NAME>SCREEN</CONT_NAME>
       <TYPE>TEMPLATE</TYPE>
       <NAME>TABLE_INFORMATION-TABART</NAME>
       <TEXT>_____</TEXT>
       <LINE>010</LINE>
       <COLUMN>027</COLUMN>
       <LENGTH>005</LENGTH>
       <VISLENGTH>005</VISLENGTH>
       <HEIGHT>001</HEIGHT>
       <GROUP1>TAB</GROUP1>
       <FORMAT>CHAR</FORMAT>
       <INPUT_FLD>X</INPUT_FLD>
       <OUTPUT_FLD>X</OUTPUT_FLD>
      </RPY_DYFATC>
      <RPY_DYFATC>
       <CONT_TYPE>SCREEN</CONT_TYPE>
       <CONT_NAME>SCREEN</CONT_NAME>
       <TYPE>CHECK</TYPE>
       <NAME>TABLE_INFORMATION-PROTOKOLL</NAME>
       <TEXT>记录日志____</TEXT>
       <LINE>010</LINE>
       <COLUMN>046</COLUMN>
       <LENGTH>010</LENGTH>
       <VISLENGTH>010</VISLENGTH>
       <HEIGHT>001</HEIGHT>
       <GROUP1>TAB</GROUP1>
       <FORMAT>CHAR</FORMAT>
       <INPUT_FLD>X</INPUT_FLD>
       <OUTPUT_FLD>X</OUTPUT_FLD>
      </RPY_DYFATC>
      <RPY_DYFATC>
       <CONT_TYPE>SCREEN</CONT_TYPE>
       <CONT_NAME>SCREEN</CONT_NAME>
       <TYPE>TEXT</TYPE>
       <NAME>TABLE_INFORMATION-TABKAT</NAME>
       <TEXT>大小范畴____________________</TEXT>
       <LINE>011</LINE>
       <COLUMN>002</COLUMN>
       <LENGTH>024</LENGTH>
       <VISLENGTH>024</VISLENGTH>
       <HEIGHT>001</HEIGHT>
       <GROUP1>TAB</GROUP1>
       <FORMAT>CHAR</FORMAT>
       <REQU_ENTRY>N</REQU_ENTRY>
       <LABELLEFT>X</LABELLEFT>
      </RPY_DYFATC>
      <RPY_DYFATC>
       <CONT_TYPE>SCREEN</CONT_TYPE>
       <CONT_NAME>SCREEN</CONT_NAME>
       <TYPE>TEMPLATE</TYPE>
       <NAME>TABLE_INFORMATION-TABKAT</NAME>
       <TEXT>__</TEXT>
       <LINE>011</LINE>
       <COLUMN>027</COLUMN>
       <LENGTH>002</LENGTH>
       <VISLENGTH>002</VISLENGTH>
       <HEIGHT>001</HEIGHT>
       <GROUP1>TAB</GROUP1>
       <FORMAT>CHAR</FORMAT>
       <INPUT_FLD>X</INPUT_FLD>
       <OUTPUT_FLD>X</OUTPUT_FLD>
      </RPY_DYFATC>
      <RPY_DYFATC>
       <CONT_TYPE>SCREEN</CONT_TYPE>
       <CONT_NAME>SCREEN</CONT_NAME>
       <TYPE>FRAME</TYPE>
       <NAME>FRAME03</NAME>
       <TEXT>结构信息________________________________________________________________________________________________________________________________</TEXT>
       <LINE>013</LINE>
       <COLUMN>001</COLUMN>
       <LENGTH>200</LENGTH>
       <VISLENGTH>200</VISLENGTH>
       <HEIGHT>004</HEIGHT>
       <FORMAT>CHAR</FORMAT>
       <REQU_ENTRY>N</REQU_ENTRY>
      </RPY_DYFATC>
      <RPY_DYFATC>
       <CONT_TYPE>SCREEN</CONT_TYPE>
       <CONT_NAME>SCREEN</CONT_NAME>
       <TYPE>TEXT</TYPE>
       <NAME>STRUCTURE_INFORMATION-TABNAME16</NAME>
       <TEXT>结构名称____________________</TEXT>
       <LINE>014</LINE>
       <COLUMN>002</COLUMN>
       <LENGTH>024</LENGTH>
       <VISLENGTH>024</VISLENGTH>
       <HEIGHT>001</HEIGHT>
       <GROUP1>STR</GROUP1>
       <FORMAT>CHAR</FORMAT>
       <REQU_ENTRY>N</REQU_ENTRY>
       <LABELLEFT>X</LABELLEFT>
      </RPY_DYFATC>
      <RPY_DYFATC>
       <CONT_TYPE>SCREEN</CONT_TYPE>
       <CONT_NAME>SCREEN</CONT_NAME>
       <TYPE>TEMPLATE</TYPE>
       <NAME>STRUCTURE_INFORMATION-TABNAME16</NAME>
       <TEXT>______________________________</TEXT>
       <LINE>014</LINE>
       <COLUMN>027</COLUMN>
       <LENGTH>030</LENGTH>
       <VISLENGTH>030</VISLENGTH>
       <HEIGHT>001</HEIGHT>
       <GROUP1>STR</GROUP1>
       <FORMAT>CHAR</FORMAT>
       <INPUT_FLD>X</INPUT_FLD>
       <OUTPUT_FLD>X</OUTPUT_FLD>
      </RPY_DYFATC>
      <RPY_DYFATC>
       <CONT_TYPE>SCREEN</CONT_TYPE>
       <CONT_NAME>SCREEN</CONT_NAME>
       <TYPE>PUSH</TYPE>
       <NAME>STR_CR</NAME>
       <TEXT>创建_____________________________________________________________________________________________________________________________</TEXT>
       <ICON_NAME>ICON_CREATE</ICON_NAME>
       <WITH_ICON>X</WITH_ICON>
       <LINE>014</LINE>
       <COLUMN>062</COLUMN>
       <LENGTH>132</LENGTH>
       <VISLENGTH>008</VISLENGTH>
       <HEIGHT>001</HEIGHT>
       <GROUP1>STR</GROUP1>
       <PUSH_FCODE>CREATE</PUSH_FCODE>
       <FORMAT>CHAR</FORMAT>
       <REQU_ENTRY>N</REQU_ENTRY>
      </RPY_DYFATC>
      <RPY_DYFATC>
       <CONT_TYPE>SCREEN</CONT_TYPE>
       <CONT_NAME>SCREEN</CONT_NAME>
       <TYPE>TEXT</TYPE>
       <NAME>STRUCTURE_INFORMATION-DDTEXT</NAME>
       <TEXT>结构描述____________________</TEXT>
       <LINE>015</LINE>
       <COLUMN>002</COLUMN>
       <LENGTH>024</LENGTH>
       <VISLENGTH>024</VISLENGTH>
       <HEIGHT>001</HEIGHT>
       <GROUP1>STR</GROUP1>
       <FORMAT>CHAR</FORMAT>
       <REQU_ENTRY>N</REQU_ENTRY>
       <LABELLEFT>X</LABELLEFT>
      </RPY_DYFATC>
      <RPY_DYFATC>
       <CONT_TYPE>SCREEN</CONT_TYPE>
       <CONT_NAME>SCREEN</CONT_NAME>
       <TYPE>TEMPLATE</TYPE>
       <NAME>STRUCTURE_INFORMATION-DDTEXT</NAME>
       <TEXT>____________________________________________________________</TEXT>
       <LINE>015</LINE>
       <COLUMN>027</COLUMN>
       <LENGTH>060</LENGTH>
       <VISLENGTH>060</VISLENGTH>
       <HEIGHT>001</HEIGHT>
       <GROUP1>STR</GROUP1>
       <FORMAT>CHAR</FORMAT>
       <UP_LOWER>X</UP_LOWER>
       <INPUT_FLD>X</INPUT_FLD>
       <OUTPUT_FLD>X</OUTPUT_FLD>
      </RPY_DYFATC>
      <RPY_DYFATC>
       <CONT_TYPE>SCREEN</CONT_TYPE>
       <CONT_NAME>SCREEN</CONT_NAME>
       <TYPE>FRAME</TYPE>
       <NAME>FRAME04</NAME>
       <TEXT>数据元素____________________________________________________________________________________</TEXT>
       <LINE>017</LINE>
       <COLUMN>001</COLUMN>
       <LENGTH>089</LENGTH>
       <VISLENGTH>089</VISLENGTH>
       <HEIGHT>013</HEIGHT>
       <FORMAT>CHAR</FORMAT>
       <REQU_ENTRY>N</REQU_ENTRY>
      </RPY_DYFATC>
      <RPY_DYFATC>
       <CONT_TYPE>SCREEN</CONT_TYPE>
       <CONT_NAME>SCREEN</CONT_NAME>
       <TYPE>FRAME</TYPE>
       <NAME>FRAME</NAME>
       <TEXT>字段信息_________________________________________________________________________________________________________</TEXT>
       <LINE>017</LINE>
       <COLUMN>091</COLUMN>
       <LENGTH>110</LENGTH>
       <VISLENGTH>110</VISLENGTH>
       <HEIGHT>037</HEIGHT>
       <FORMAT>CHAR</FORMAT>
       <REQU_ENTRY>N</REQU_ENTRY>
      </RPY_DYFATC>
      <RPY_DYFATC>
       <CONT_TYPE>SCREEN</CONT_TYPE>
       <CONT_NAME>SCREEN</CONT_NAME>
       <TYPE>TEXT</TYPE>
       <NAME>ELE_INFORMATION-ROLLNAME</NAME>
       <TEXT>数据元素____________________</TEXT>
       <LINE>018</LINE>
       <COLUMN>002</COLUMN>
       <LENGTH>024</LENGTH>
       <VISLENGTH>024</VISLENGTH>
       <HEIGHT>001</HEIGHT>
       <FORMAT>CHAR</FORMAT>
       <REQU_ENTRY>N</REQU_ENTRY>
      </RPY_DYFATC>
      <RPY_DYFATC>
       <CONT_TYPE>SCREEN</CONT_TYPE>
       <CONT_NAME>SCREEN</CONT_NAME>
       <TYPE>TEMPLATE</TYPE>
       <NAME>ELE_INFORMATION-ROLLNAME</NAME>
       <TEXT>______________________________</TEXT>
       <LINE>018</LINE>
       <COLUMN>027</COLUMN>
       <LENGTH>030</LENGTH>
       <VISLENGTH>030</VISLENGTH>
       <HEIGHT>001</HEIGHT>
       <FORMAT>CHAR</FORMAT>
       <INPUT_FLD>X</INPUT_FLD>
       <OUTPUT_FLD>X</OUTPUT_FLD>
      </RPY_DYFATC>
      <RPY_DYFATC>
       <CONT_TYPE>SCREEN</CONT_TYPE>
       <CONT_NAME>SCREEN</CONT_NAME>
       <TYPE>PUSH</TYPE>
       <NAME>ELE_CR</NAME>
       <TEXT>创建_____________________________________________________________________________________________________________________________</TEXT>
       <ICON_NAME>ICON_CREATE</ICON_NAME>
       <WITH_ICON>X</WITH_ICON>
       <LINE>018</LINE>
       <COLUMN>061</COLUMN>
       <LENGTH>132</LENGTH>
       <VISLENGTH>008</VISLENGTH>
       <HEIGHT>001</HEIGHT>
       <GROUP1>ELE</GROUP1>
       <PUSH_FCODE>ELE_CR</PUSH_FCODE>
       <FORMAT>CHAR</FORMAT>
       <REQU_ENTRY>N</REQU_ENTRY>
      </RPY_DYFATC>
      <RPY_DYFATC>
       <CONT_TYPE>SCREEN</CONT_TYPE>
       <CONT_NAME>SCREEN</CONT_NAME>
       <TYPE>TEXT</TYPE>
       <NAME>ELE_INFORMATION-DDTEXT</NAME>
       <TEXT>简短描述____________________</TEXT>
       <LINE>019</LINE>
       <COLUMN>002</COLUMN>
       <LENGTH>024</LENGTH>
       <VISLENGTH>024</VISLENGTH>
       <HEIGHT>001</HEIGHT>
       <GROUP1>ELE</GROUP1>
       <FORMAT>CHAR</FORMAT>
       <REQU_ENTRY>N</REQU_ENTRY>
       <LABELLEFT>X</LABELLEFT>
      </RPY_DYFATC>
      <RPY_DYFATC>
       <CONT_TYPE>SCREEN</CONT_TYPE>
       <CONT_NAME>SCREEN</CONT_NAME>
       <TYPE>TEMPLATE</TYPE>
       <NAME>ELE_INFORMATION-DDTEXT</NAME>
       <TEXT>____________________________________________________________</TEXT>
       <LINE>019</LINE>
       <COLUMN>027</COLUMN>
       <LENGTH>060</LENGTH>
       <VISLENGTH>060</VISLENGTH>
       <HEIGHT>001</HEIGHT>
       <GROUP1>ELE</GROUP1>
       <FORMAT>CHAR</FORMAT>
       <UP_LOWER>X</UP_LOWER>
       <INPUT_FLD>X</INPUT_FLD>
       <OUTPUT_FLD>X</OUTPUT_FLD>
      </RPY_DYFATC>
      <RPY_DYFATC>
       <CONT_TYPE>SCREEN</CONT_TYPE>
       <CONT_NAME>SCREEN</CONT_NAME>
       <TYPE>PUSH</TYPE>
       <NAME>TC_FIELDS_INSERT</NAME>
       <TEXT>______________________</TEXT>
       <ICON_NAME>ICON_INSERT_ROW</ICON_NAME>
       <WITH_ICON>X</WITH_ICON>
       <LINE>019</LINE>
       <COLUMN>197</COLUMN>
       <LENGTH>027</LENGTH>
       <VISLENGTH>003</VISLENGTH>
       <HEIGHT>001</HEIGHT>
       <GROUP1>MOD</GROUP1>
       <PUSH_FCODE>TC_FIELDS_INSR</PUSH_FCODE>
       <FORMAT>CHAR</FORMAT>
       <REQU_ENTRY>N</REQU_ENTRY>
      </RPY_DYFATC>
      <RPY_DYFATC>
       <CONT_TYPE>SCREEN</CONT_TYPE>
       <CONT_NAME>SCREEN</CONT_NAME>
       <TYPE>TEXT</TYPE>
       <NAME>ELE_INFORMATION-SCRTEXT_S</NAME>
       <TEXT>标签-短____________________</TEXT>
       <LINE>020</LINE>
       <COLUMN>002</COLUMN>
       <LENGTH>024</LENGTH>
       <VISLENGTH>024</VISLENGTH>
       <HEIGHT>001</HEIGHT>
       <GROUP1>ELE</GROUP1>
       <FORMAT>CHAR</FORMAT>
       <REQU_ENTRY>N</REQU_ENTRY>
       <LABELLEFT>X</LABELLEFT>
      </RPY_DYFATC>
      <RPY_DYFATC>
       <CONT_TYPE>SCREEN</CONT_TYPE>
       <CONT_NAME>SCREEN</CONT_NAME>
       <TYPE>TEMPLATE</TYPE>
       <NAME>ELE_INFORMATION-SCRTEXT_S</NAME>
       <TEXT>__________</TEXT>
       <LINE>020</LINE>
       <COLUMN>027</COLUMN>
       <LENGTH>010</LENGTH>
       <VISLENGTH>010</VISLENGTH>
       <HEIGHT>001</HEIGHT>
       <GROUP1>ELE</GROUP1>
       <FORMAT>CHAR</FORMAT>
       <UP_LOWER>X</UP_LOWER>
       <INPUT_FLD>X</INPUT_FLD>
       <OUTPUT_FLD>X</OUTPUT_FLD>
      </RPY_DYFATC>
      <RPY_DYFATC>
       <CONT_TYPE>SCREEN</CONT_TYPE>
       <CONT_NAME>SCREEN</CONT_NAME>
       <TYPE>PUSH</TYPE>
       <NAME>TC_FIELDS_DELETE</NAME>
       <ICON_NAME>ICON_DELETE_ROW</ICON_NAME>
       <WITH_ICON>X</WITH_ICON>
       <LINE>020</LINE>
       <COLUMN>197</COLUMN>
       <LENGTH>004</LENGTH>
       <VISLENGTH>003</VISLENGTH>
       <HEIGHT>001</HEIGHT>
       <GROUP1>MOD</GROUP1>
       <PUSH_FCODE>TC_FIELDS_DELE</PUSH_FCODE>
       <FORMAT>CHAR</FORMAT>
       <REQU_ENTRY>N</REQU_ENTRY>
      </RPY_DYFATC>
      <RPY_DYFATC>
       <CONT_TYPE>SCREEN</CONT_TYPE>
       <CONT_NAME>SCREEN</CONT_NAME>
       <TYPE>TEXT</TYPE>
       <NAME>ELE_INFORMATION-SCRTEXT_M</NAME>
       <TEXT>标签-中____________________</TEXT>
       <LINE>021</LINE>
       <COLUMN>002</COLUMN>
       <LENGTH>024</LENGTH>
       <VISLENGTH>024</VISLENGTH>
       <HEIGHT>001</HEIGHT>
       <GROUP1>ELE</GROUP1>
       <FORMAT>CHAR</FORMAT>
       <REQU_ENTRY>N</REQU_ENTRY>
       <LABELLEFT>X</LABELLEFT>
      </RPY_DYFATC>
      <RPY_DYFATC>
       <CONT_TYPE>SCREEN</CONT_TYPE>
       <CONT_NAME>SCREEN</CONT_NAME>
       <TYPE>TEMPLATE</TYPE>
       <NAME>ELE_INFORMATION-SCRTEXT_M</NAME>
       <TEXT>____________________</TEXT>
       <LINE>021</LINE>
       <COLUMN>027</COLUMN>
       <LENGTH>020</LENGTH>
       <VISLENGTH>020</VISLENGTH>
       <HEIGHT>001</HEIGHT>
       <GROUP1>ELE</GROUP1>
       <FORMAT>CHAR</FORMAT>
       <UP_LOWER>X</UP_LOWER>
       <INPUT_FLD>X</INPUT_FLD>
       <OUTPUT_FLD>X</OUTPUT_FLD>
      </RPY_DYFATC>
      <RPY_DYFATC>
       <CONT_TYPE>SCREEN</CONT_TYPE>
       <CONT_NAME>SCREEN</CONT_NAME>
       <TYPE>TEXT</TYPE>
       <NAME>ELE_INFORMATION-SCRTEXT_L</NAME>
       <TEXT>标签-长____________________</TEXT>
       <LINE>022</LINE>
       <COLUMN>002</COLUMN>
       <LENGTH>024</LENGTH>
       <VISLENGTH>024</VISLENGTH>
       <HEIGHT>001</HEIGHT>
       <GROUP1>ELE</GROUP1>
       <FORMAT>CHAR</FORMAT>
       <REQU_ENTRY>N</REQU_ENTRY>
       <LABELLEFT>X</LABELLEFT>
      </RPY_DYFATC>
      <RPY_DYFATC>
       <CONT_TYPE>SCREEN</CONT_TYPE>
       <CONT_NAME>SCREEN</CONT_NAME>
       <TYPE>TEMPLATE</TYPE>
       <NAME>ELE_INFORMATION-SCRTEXT_L</NAME>
       <TEXT>________________________________________</TEXT>
       <LINE>022</LINE>
       <COLUMN>027</COLUMN>
       <LENGTH>040</LENGTH>
       <VISLENGTH>040</VISLENGTH>
       <HEIGHT>001</HEIGHT>
       <GROUP1>ELE</GROUP1>
       <FORMAT>CHAR</FORMAT>
       <UP_LOWER>X</UP_LOWER>
       <INPUT_FLD>X</INPUT_FLD>
       <OUTPUT_FLD>X</OUTPUT_FLD>
      </RPY_DYFATC>
      <RPY_DYFATC>
       <CONT_TYPE>SCREEN</CONT_TYPE>
       <CONT_NAME>SCREEN</CONT_NAME>
       <TYPE>PUSH</TYPE>
       <NAME>TC_FIELDS_TOP</NAME>
       <ICON_NAME>ICON_FIRST_PAGE</ICON_NAME>
       <WITH_ICON>X</WITH_ICON>
       <LINE>022</LINE>
       <COLUMN>197</COLUMN>
       <LENGTH>004</LENGTH>
       <VISLENGTH>003</VISLENGTH>
       <HEIGHT>001</HEIGHT>
       <GROUP1>PAG</GROUP1>
       <PUSH_FCODE>TC_FIELDS_P--</PUSH_FCODE>
       <FORMAT>CHAR</FORMAT>
       <REQU_ENTRY>N</REQU_ENTRY>
      </RPY_DYFATC>
      <RPY_DYFATC>
       <CONT_TYPE>SCREEN</CONT_TYPE>
       <CONT_NAME>SCREEN</CONT_NAME>
       <TYPE>TEXT</TYPE>
       <NAME>ELE_INFORMATION-REPTEXT</NAME>
       <TEXT>标题______________________</TEXT>
       <LINE>023</LINE>
       <COLUMN>002</COLUMN>
       <LENGTH>024</LENGTH>
       <VISLENGTH>024</VISLENGTH>
       <HEIGHT>001</HEIGHT>
       <GROUP1>ELE</GROUP1>
       <FORMAT>CHAR</FORMAT>
       <REQU_ENTRY>N</REQU_ENTRY>
       <LABELLEFT>X</LABELLEFT>
      </RPY_DYFATC>
      <RPY_DYFATC>
       <CONT_TYPE>SCREEN</CONT_TYPE>
       <CONT_NAME>SCREEN</CONT_NAME>
       <TYPE>TEMPLATE</TYPE>
       <NAME>ELE_INFORMATION-REPTEXT</NAME>
       <TEXT>_______________________________________________________</TEXT>
       <LINE>023</LINE>
       <COLUMN>027</COLUMN>
       <LENGTH>055</LENGTH>
       <VISLENGTH>055</VISLENGTH>
       <HEIGHT>001</HEIGHT>
       <GROUP1>ELE</GROUP1>
       <FORMAT>CHAR</FORMAT>
       <UP_LOWER>X</UP_LOWER>
       <INPUT_FLD>X</INPUT_FLD>
       <OUTPUT_FLD>X</OUTPUT_FLD>
      </RPY_DYFATC>
      <RPY_DYFATC>
       <CONT_TYPE>SCREEN</CONT_TYPE>
       <CONT_NAME>SCREEN</CONT_NAME>
       <TYPE>PUSH</TYPE>
       <NAME>TC_FIELDS_PREVIOUS</NAME>
       <ICON_NAME>ICON_PREVIOUS_PAGE</ICON_NAME>
       <WITH_ICON>X</WITH_ICON>
       <LINE>023</LINE>
       <COLUMN>197</COLUMN>
       <LENGTH>004</LENGTH>
       <VISLENGTH>003</VISLENGTH>
       <HEIGHT>001</HEIGHT>
       <GROUP1>PAG</GROUP1>
       <PUSH_FCODE>TC_FIELDS_P-</PUSH_FCODE>
       <FORMAT>CHAR</FORMAT>
       <REQU_ENTRY>N</REQU_ENTRY>
      </RPY_DYFATC>
      <RPY_DYFATC>
       <CONT_TYPE>SCREEN</CONT_TYPE>
       <CONT_NAME>SCREEN</CONT_NAME>
       <TYPE>TEXT</TYPE>
       <NAME>ELE_INFORMATION-SHLPNAME</NAME>
       <TEXT>搜索帮助____________________</TEXT>
       <LINE>024</LINE>
       <COLUMN>002</COLUMN>
       <LENGTH>024</LENGTH>
       <VISLENGTH>024</VISLENGTH>
       <HEIGHT>001</HEIGHT>
       <GROUP1>ELE</GROUP1>
       <FORMAT>CHAR</FORMAT>
       <REQU_ENTRY>N</REQU_ENTRY>
       <LABELLEFT>X</LABELLEFT>
      </RPY_DYFATC>
      <RPY_DYFATC>
       <CONT_TYPE>SCREEN</CONT_TYPE>
       <CONT_NAME>SCREEN</CONT_NAME>
       <TYPE>TEMPLATE</TYPE>
       <NAME>ELE_INFORMATION-SHLPNAME</NAME>
       <TEXT>______________________________</TEXT>
       <LINE>024</LINE>
       <COLUMN>027</COLUMN>
       <LENGTH>030</LENGTH>
       <VISLENGTH>030</VISLENGTH>
       <HEIGHT>001</HEIGHT>
       <GROUP1>ELE</GROUP1>
       <FORMAT>CHAR</FORMAT>
       <INPUT_FLD>X</INPUT_FLD>
       <OUTPUT_FLD>X</OUTPUT_FLD>
      </RPY_DYFATC>
      <RPY_DYFATC>
       <CONT_TYPE>SCREEN</CONT_TYPE>
       <CONT_NAME>SCREEN</CONT_NAME>
       <TYPE>PUSH</TYPE>
       <NAME>TC_FIELDS_NEXT</NAME>
       <ICON_NAME>ICON_NEXT_PAGE</ICON_NAME>
       <WITH_ICON>X</WITH_ICON>
       <LINE>024</LINE>
       <COLUMN>197</COLUMN>
       <LENGTH>004</LENGTH>
       <VISLENGTH>003</VISLENGTH>
       <HEIGHT>001</HEIGHT>
       <GROUP1>PAG</GROUP1>
       <PUSH_FCODE>TC_FIELDS_P+</PUSH_FCODE>
       <FORMAT>CHAR</FORMAT>
       <REQU_ENTRY>N</REQU_ENTRY>
      </RPY_DYFATC>
      <RPY_DYFATC>
       <CONT_TYPE>SCREEN</CONT_TYPE>
       <CONT_NAME>SCREEN</CONT_NAME>
       <TYPE>TEXT</TYPE>
       <NAME>ELE_INFORMATION-SHLPFIELD</NAME>
       <TEXT>搜索帮助字段__________________</TEXT>
       <LINE>025</LINE>
       <COLUMN>002</COLUMN>
       <LENGTH>024</LENGTH>
       <VISLENGTH>024</VISLENGTH>
       <HEIGHT>001</HEIGHT>
       <GROUP1>ELE</GROUP1>
       <FORMAT>CHAR</FORMAT>
       <REQU_ENTRY>N</REQU_ENTRY>
       <LABELLEFT>X</LABELLEFT>
      </RPY_DYFATC>
      <RPY_DYFATC>
       <CONT_TYPE>SCREEN</CONT_TYPE>
       <CONT_NAME>SCREEN</CONT_NAME>
       <TYPE>TEMPLATE</TYPE>
       <NAME>ELE_INFORMATION-SHLPFIELD</NAME>
       <TEXT>______________________________</TEXT>
       <LINE>025</LINE>
       <COLUMN>027</COLUMN>
       <LENGTH>030</LENGTH>
       <VISLENGTH>030</VISLENGTH>
       <HEIGHT>001</HEIGHT>
       <GROUP1>ELE</GROUP1>
       <FORMAT>CHAR</FORMAT>
       <INPUT_FLD>X</INPUT_FLD>
       <OUTPUT_FLD>X</OUTPUT_FLD>
      </RPY_DYFATC>
      <RPY_DYFATC>
       <CONT_TYPE>SCREEN</CONT_TYPE>
       <CONT_NAME>SCREEN</CONT_NAME>
       <TYPE>PUSH</TYPE>
       <NAME>TC_FIELDS_BOTTOM</NAME>
       <ICON_NAME>ICON_LAST_PAGE</ICON_NAME>
       <WITH_ICON>X</WITH_ICON>
       <LINE>025</LINE>
       <COLUMN>197</COLUMN>
       <LENGTH>004</LENGTH>
       <VISLENGTH>003</VISLENGTH>
       <HEIGHT>001</HEIGHT>
       <GROUP1>PAG</GROUP1>
       <PUSH_FCODE>TC_FIELDS_P++</PUSH_FCODE>
       <FORMAT>CHAR</FORMAT>
       <REQU_ENTRY>N</REQU_ENTRY>
      </RPY_DYFATC>
      <RPY_DYFATC>
       <CONT_TYPE>SCREEN</CONT_TYPE>
       <CONT_NAME>SCREEN</CONT_NAME>
       <TYPE>TEXT</TYPE>
       <NAME>ELE_INFORMATION-MEMORYID</NAME>
       <TEXT>内存ID____________________</TEXT>
       <LINE>026</LINE>
       <COLUMN>002</COLUMN>
       <LENGTH>024</LENGTH>
       <VISLENGTH>024</VISLENGTH>
       <HEIGHT>001</HEIGHT>
       <GROUP1>ELE</GROUP1>
       <FORMAT>CHAR</FORMAT>
       <REQU_ENTRY>N</REQU_ENTRY>
       <LABELLEFT>X</LABELLEFT>
      </RPY_DYFATC>
      <RPY_DYFATC>
       <CONT_TYPE>SCREEN</CONT_TYPE>
       <CONT_NAME>SCREEN</CONT_NAME>
       <TYPE>TEMPLATE</TYPE>
       <NAME>ELE_INFORMATION-MEMORYID</NAME>
       <TEXT>____________________</TEXT>
       <LINE>026</LINE>
       <COLUMN>027</COLUMN>
       <LENGTH>020</LENGTH>
       <VISLENGTH>020</VISLENGTH>
       <HEIGHT>001</HEIGHT>
       <GROUP1>ELE</GROUP1>
       <FORMAT>CHAR</FORMAT>
       <INPUT_FLD>X</INPUT_FLD>
       <OUTPUT_FLD>X</OUTPUT_FLD>
      </RPY_DYFATC>
      <RPY_DYFATC>
       <CONT_TYPE>SCREEN</CONT_TYPE>
       <CONT_NAME>SCREEN</CONT_NAME>
       <TYPE>PUSH</TYPE>
       <NAME>TC_FIELDS_MARK</NAME>
       <ICON_NAME>ICON_SELECT_ALL</ICON_NAME>
       <WITH_ICON>X</WITH_ICON>
       <LINE>027</LINE>
       <COLUMN>197</COLUMN>
       <LENGTH>004</LENGTH>
       <VISLENGTH>003</VISLENGTH>
       <HEIGHT>001</HEIGHT>
       <GROUP1>MAR</GROUP1>
       <PUSH_FCODE>TC_FIELDS_MARK</PUSH_FCODE>
       <FORMAT>CHAR</FORMAT>
       <REQU_ENTRY>N</REQU_ENTRY>
      </RPY_DYFATC>
      <RPY_DYFATC>
       <CONT_TYPE>SCREEN</CONT_TYPE>
       <CONT_NAME>SCREEN</CONT_NAME>
       <TYPE>TEXT</TYPE>
       <NAME>ELE_INFORMATION-DOMNAME</NAME>
       <TEXT>域_______________________</TEXT>
       <LINE>028</LINE>
       <COLUMN>002</COLUMN>
       <LENGTH>024</LENGTH>
       <VISLENGTH>024</VISLENGTH>
       <HEIGHT>001</HEIGHT>
       <GROUP1>ELE</GROUP1>
       <FORMAT>CHAR</FORMAT>
       <REQU_ENTRY>N</REQU_ENTRY>
       <LABELLEFT>X</LABELLEFT>
      </RPY_DYFATC>
      <RPY_DYFATC>
       <CONT_TYPE>SCREEN</CONT_TYPE>
       <CONT_NAME>SCREEN</CONT_NAME>
       <TYPE>TEMPLATE</TYPE>
       <NAME>ELE_INFORMATION-DOMNAME</NAME>
       <TEXT>______________________________</TEXT>
       <LINE>028</LINE>
       <COLUMN>027</COLUMN>
       <LENGTH>030</LENGTH>
       <VISLENGTH>030</VISLENGTH>
       <HEIGHT>001</HEIGHT>
       <GROUP1>ELE</GROUP1>
       <FORMAT>CHAR</FORMAT>
       <INPUT_FLD>X</INPUT_FLD>
       <OUTPUT_FLD>X</OUTPUT_FLD>
      </RPY_DYFATC>
      <RPY_DYFATC>
       <CONT_TYPE>SCREEN</CONT_TYPE>
       <CONT_NAME>SCREEN</CONT_NAME>
       <TYPE>PUSH</TYPE>
       <NAME>TC_FIELDS_DEMARK</NAME>
       <ICON_NAME>ICON_DESELECT_ALL</ICON_NAME>
       <WITH_ICON>X</WITH_ICON>
       <LINE>028</LINE>
       <COLUMN>197</COLUMN>
       <LENGTH>004</LENGTH>
       <VISLENGTH>003</VISLENGTH>
       <HEIGHT>001</HEIGHT>
       <GROUP1>MAR</GROUP1>
       <PUSH_FCODE>TC_FIELDS_DMRK</PUSH_FCODE>
       <FORMAT>CHAR</FORMAT>
       <REQU_ENTRY>N</REQU_ENTRY>
      </RPY_DYFATC>
      <RPY_DYFATC>
       <CONT_TYPE>SCREEN</CONT_TYPE>
       <CONT_NAME>SCREEN</CONT_NAME>
       <TYPE>FRAME</TYPE>
       <NAME>FRAME05</NAME>
       <TEXT>域_______________________________________________________________________________________</TEXT>
       <LINE>030</LINE>
       <COLUMN>001</COLUMN>
       <LENGTH>089</LENGTH>
       <VISLENGTH>089</VISLENGTH>
       <HEIGHT>024</HEIGHT>
       <FORMAT>CHAR</FORMAT>
       <REQU_ENTRY>N</REQU_ENTRY>
      </RPY_DYFATC>
      <RPY_DYFATC>
       <CONT_TYPE>SCREEN</CONT_TYPE>
       <CONT_NAME>SCREEN</CONT_NAME>
       <TYPE>TEXT</TYPE>
       <NAME>DOMAIN_INFORMATION-DOMNAME</NAME>
       <TEXT>域_______________________</TEXT>
       <LINE>031</LINE>
       <COLUMN>002</COLUMN>
       <LENGTH>024</LENGTH>
       <VISLENGTH>024</VISLENGTH>
       <HEIGHT>001</HEIGHT>
       <FORMAT>CHAR</FORMAT>
       <REQU_ENTRY>N</REQU_ENTRY>
       <LABELLEFT>X</LABELLEFT>
      </RPY_DYFATC>
      <RPY_DYFATC>
       <CONT_TYPE>SCREEN</CONT_TYPE>
       <CONT_NAME>SCREEN</CONT_NAME>
       <TYPE>TEMPLATE</TYPE>
       <NAME>DOMAIN_INFORMATION-DOMNAME</NAME>
       <TEXT>______________________________</TEXT>
       <LINE>031</LINE>
       <COLUMN>027</COLUMN>
       <LENGTH>030</LENGTH>
       <VISLENGTH>030</VISLENGTH>
       <HEIGHT>001</HEIGHT>
       <FORMAT>CHAR</FORMAT>
       <INPUT_FLD>X</INPUT_FLD>
       <OUTPUT_FLD>X</OUTPUT_FLD>
      </RPY_DYFATC>
      <RPY_DYFATC>
       <CONT_TYPE>SCREEN</CONT_TYPE>
       <CONT_NAME>SCREEN</CONT_NAME>
       <TYPE>PUSH</TYPE>
       <NAME>DOM_CR</NAME>
       <TEXT>创建_____________________________________________________________________________________________________________________________</TEXT>
       <ICON_NAME>ICON_CREATE</ICON_NAME>
       <WITH_ICON>X</WITH_ICON>
       <LINE>031</LINE>
       <COLUMN>061</COLUMN>
       <LENGTH>132</LENGTH>
       <VISLENGTH>008</VISLENGTH>
       <HEIGHT>001</HEIGHT>
       <GROUP1>DOM</GROUP1>
       <PUSH_FCODE>DOM_CR</PUSH_FCODE>
       <FORMAT>CHAR</FORMAT>
       <REQU_ENTRY>N</REQU_ENTRY>
      </RPY_DYFATC>
      <RPY_DYFATC>
       <CONT_TYPE>SCREEN</CONT_TYPE>
       <CONT_NAME>SCREEN</CONT_NAME>
       <TYPE>TEXT</TYPE>
       <NAME>DOMAIN_INFORMATION-DDTEXT</NAME>
       <TEXT>简短描述____________________</TEXT>
       <LINE>032</LINE>
       <COLUMN>002</COLUMN>
       <LENGTH>024</LENGTH>
       <VISLENGTH>024</VISLENGTH>
       <HEIGHT>001</HEIGHT>
       <GROUP1>DOM</GROUP1>
       <FORMAT>CHAR</FORMAT>
       <REQU_ENTRY>N</REQU_ENTRY>
       <LABELLEFT>X</LABELLEFT>
      </RPY_DYFATC>
      <RPY_DYFATC>
       <CONT_TYPE>SCREEN</CONT_TYPE>
       <CONT_NAME>SCREEN</CONT_NAME>
       <TYPE>TEMPLATE</TYPE>
       <NAME>DOMAIN_INFORMATION-DDTEXT</NAME>
       <TEXT>____________________________________________________________</TEXT>
       <LINE>032</LINE>
       <COLUMN>027</COLUMN>
       <LENGTH>060</LENGTH>
       <VISLENGTH>060</VISLENGTH>
       <HEIGHT>001</HEIGHT>
       <GROUP1>DOM</GROUP1>
       <FORMAT>CHAR</FORMAT>
       <INPUT_FLD>X</INPUT_FLD>
       <OUTPUT_FLD>X</OUTPUT_FLD>
      </RPY_DYFATC>
      <RPY_DYFATC>
       <CONT_TYPE>SCREEN</CONT_TYPE>
       <CONT_NAME>SCREEN</CONT_NAME>
       <TYPE>TEXT</TYPE>
       <NAME>DOMAIN_INFORMATION-DATATYPE</NAME>
       <TEXT>数据类型____________________</TEXT>
       <LINE>033</LINE>
       <COLUMN>002</COLUMN>
       <LENGTH>024</LENGTH>
       <VISLENGTH>024</VISLENGTH>
       <HEIGHT>001</HEIGHT>
       <GROUP1>DOM</GROUP1>
       <FORMAT>CHAR</FORMAT>
       <REQU_ENTRY>N</REQU_ENTRY>
       <LABELLEFT>X</LABELLEFT>
      </RPY_DYFATC>
      <RPY_DYFATC>
       <CONT_TYPE>SCREEN</CONT_TYPE>
       <CONT_NAME>SCREEN</CONT_NAME>
       <TYPE>TEMPLATE</TYPE>
       <NAME>DOMAIN_INFORMATION-DATATYPE</NAME>
       <TEXT>__________</TEXT>
       <LINE>033</LINE>
       <COLUMN>027</COLUMN>
       <LENGTH>010</LENGTH>
       <VISLENGTH>010</VISLENGTH>
       <HEIGHT>001</HEIGHT>
       <GROUP1>DOM</GROUP1>
       <FORMAT>CHAR</FORMAT>
       <INPUT_FLD>X</INPUT_FLD>
       <OUTPUT_FLD>X</OUTPUT_FLD>
       <MATCHCODE>DD_DATATYPE</MATCHCODE>
      </RPY_DYFATC>
      <RPY_DYFATC>
       <CONT_TYPE>SCREEN</CONT_TYPE>
       <CONT_NAME>SCREEN</CONT_NAME>
       <TYPE>TEXT</TYPE>
       <NAME>DOMAIN_INFORMATION-LENG</NAME>
       <TEXT>长度______________________</TEXT>
       <LINE>034</LINE>
       <COLUMN>002</COLUMN>
       <LENGTH>024</LENGTH>
       <VISLENGTH>024</VISLENGTH>
       <HEIGHT>001</HEIGHT>
       <GROUP1>DOM</GROUP1>
       <FORMAT>CHAR</FORMAT>
       <REQU_ENTRY>N</REQU_ENTRY>
       <LABELLEFT>X</LABELLEFT>
      </RPY_DYFATC>
      <RPY_DYFATC>
       <CONT_TYPE>SCREEN</CONT_TYPE>
       <CONT_NAME>SCREEN</CONT_NAME>
       <TYPE>TEMPLATE</TYPE>
       <NAME>DOMAIN_INFORMATION-LENG</NAME>
       <TEXT>______</TEXT>
       <LINE>034</LINE>
       <COLUMN>027</COLUMN>
       <LENGTH>006</LENGTH>
       <VISLENGTH>006</VISLENGTH>
       <HEIGHT>001</HEIGHT>
       <GROUP1>DOM</GROUP1>
       <FORMAT>NUMC</FORMAT>
       <INPUT_FLD>X</INPUT_FLD>
       <OUTPUT_FLD>X</OUTPUT_FLD>
      </RPY_DYFATC>
      <RPY_DYFATC>
       <CONT_TYPE>SCREEN</CONT_TYPE>
       <CONT_NAME>SCREEN</CONT_NAME>
       <TYPE>CHECK</TYPE>
       <NAME>DOMAIN_INFORMATION-LOWERCASE</NAME>
       <TEXT>区分大小写_____</TEXT>
       <LINE>034</LINE>
       <COLUMN>045</COLUMN>
       <LENGTH>012</LENGTH>
       <VISLENGTH>012</VISLENGTH>
       <HEIGHT>001</HEIGHT>
       <GROUP1>DOM</GROUP1>
       <FORMAT>CHAR</FORMAT>
       <INPUT_FLD>X</INPUT_FLD>
       <OUTPUT_FLD>X</OUTPUT_FLD>
      </RPY_DYFATC>
      <RPY_DYFATC>
       <CONT_TYPE>SCREEN</CONT_TYPE>
       <CONT_NAME>SCREEN</CONT_NAME>
       <TYPE>TEXT</TYPE>
       <NAME>DOMAIN_INFORMATION-DECIMALS</NAME>
       <TEXT>小数位数____________________</TEXT>
       <LINE>035</LINE>
       <COLUMN>002</COLUMN>
       <LENGTH>024</LENGTH>
       <VISLENGTH>024</VISLENGTH>
       <HEIGHT>001</HEIGHT>
       <GROUP1>DOM</GROUP1>
       <FORMAT>CHAR</FORMAT>
       <REQU_ENTRY>N</REQU_ENTRY>
       <LABELLEFT>X</LABELLEFT>
      </RPY_DYFATC>
      <RPY_DYFATC>
       <CONT_TYPE>SCREEN</CONT_TYPE>
       <CONT_NAME>SCREEN</CONT_NAME>
       <TYPE>TEMPLATE</TYPE>
       <NAME>DOMAIN_INFORMATION-DECIMALS</NAME>
       <TEXT>______</TEXT>
       <LINE>035</LINE>
       <COLUMN>027</COLUMN>
       <LENGTH>006</LENGTH>
       <VISLENGTH>006</VISLENGTH>
       <HEIGHT>001</HEIGHT>
       <GROUP1>DOM</GROUP1>
       <FORMAT>NUMC</FORMAT>
       <INPUT_FLD>X</INPUT_FLD>
       <OUTPUT_FLD>X</OUTPUT_FLD>
      </RPY_DYFATC>
      <RPY_DYFATC>
       <CONT_TYPE>SCREEN</CONT_TYPE>
       <CONT_NAME>SCREEN</CONT_NAME>
       <TYPE>CHECK</TYPE>
       <NAME>DOMAIN_INFORMATION-SIGNFLAG</NAME>
       <TEXT>符号__</TEXT>
       <LINE>035</LINE>
       <COLUMN>045</COLUMN>
       <LENGTH>006</LENGTH>
       <VISLENGTH>006</VISLENGTH>
       <HEIGHT>001</HEIGHT>
       <GROUP1>DOM</GROUP1>
       <FORMAT>CHAR</FORMAT>
       <INPUT_FLD>X</INPUT_FLD>
       <OUTPUT_FLD>X</OUTPUT_FLD>
      </RPY_DYFATC>
      <RPY_DYFATC>
       <CONT_TYPE>SCREEN</CONT_TYPE>
       <CONT_NAME>SCREEN</CONT_NAME>
       <TYPE>TEXT</TYPE>
       <NAME>DOMAIN_INFORMATION-CONVEXIT</NAME>
       <TEXT>转换例程____________________</TEXT>
       <LINE>036</LINE>
       <COLUMN>002</COLUMN>
       <LENGTH>024</LENGTH>
       <VISLENGTH>024</VISLENGTH>
       <HEIGHT>001</HEIGHT>
       <GROUP1>DOM</GROUP1>
       <FORMAT>CHAR</FORMAT>
       <REQU_ENTRY>N</REQU_ENTRY>
       <LABELLEFT>X</LABELLEFT>
      </RPY_DYFATC>
      <RPY_DYFATC>
       <CONT_TYPE>SCREEN</CONT_TYPE>
       <CONT_NAME>SCREEN</CONT_NAME>
       <TYPE>TEMPLATE</TYPE>
       <NAME>DOMAIN_INFORMATION-CONVEXIT</NAME>
       <TEXT>_____</TEXT>
       <LINE>036</LINE>
       <COLUMN>027</COLUMN>
       <LENGTH>005</LENGTH>
       <VISLENGTH>005</VISLENGTH>
       <HEIGHT>001</HEIGHT>
       <GROUP1>DOM</GROUP1>
       <FORMAT>CHAR</FORMAT>
       <INPUT_FLD>X</INPUT_FLD>
       <OUTPUT_FLD>X</OUTPUT_FLD>
      </RPY_DYFATC>
      <RPY_DYFATC>
       <CONT_TYPE>SCREEN</CONT_TYPE>
       <CONT_NAME>SCREEN</CONT_NAME>
       <TYPE>TEXT</TYPE>
       <NAME>DOMAIN_INFORMATION-ENTITYTAB</NAME>
       <TEXT>检查表_____________________</TEXT>
       <LINE>037</LINE>
       <COLUMN>002</COLUMN>
       <LENGTH>024</LENGTH>
       <VISLENGTH>024</VISLENGTH>
       <HEIGHT>001</HEIGHT>
       <GROUP1>DOM</GROUP1>
       <FORMAT>CHAR</FORMAT>
       <REQU_ENTRY>N</REQU_ENTRY>
       <LABELLEFT>X</LABELLEFT>
      </RPY_DYFATC>
      <RPY_DYFATC>
       <CONT_TYPE>SCREEN</CONT_TYPE>
       <CONT_NAME>SCREEN</CONT_NAME>
       <TYPE>TEMPLATE</TYPE>
       <NAME>DOMAIN_INFORMATION-ENTITYTAB</NAME>
       <TEXT>______________________________</TEXT>
       <LINE>037</LINE>
       <COLUMN>027</COLUMN>
       <LENGTH>030</LENGTH>
       <VISLENGTH>030</VISLENGTH>
       <HEIGHT>001</HEIGHT>
       <GROUP1>DOM</GROUP1>
       <FORMAT>CHAR</FORMAT>
       <INPUT_FLD>X</INPUT_FLD>
       <OUTPUT_FLD>X</OUTPUT_FLD>
       <MATCHCODE>DD_DBTB</MATCHCODE>
      </RPY_DYFATC>
      <RPY_DYFATC>
       <CONT_TYPE>SCREEN</CONT_TYPE>
       <CONT_NAME>SCREEN</CONT_NAME>
       <TYPE>TEXT</TYPE>
       <NAME>DOMAIN_INFORMATION-VALUE01</NAME>
       <TEXT>固定值_____________________</TEXT>
       <LINE>038</LINE>
       <COLUMN>002</COLUMN>
       <LENGTH>024</LENGTH>
       <VISLENGTH>024</VISLENGTH>
       <HEIGHT>001</HEIGHT>
       <GROUP1>DOM</GROUP1>
       <FORMAT>CHAR</FORMAT>
       <REQU_ENTRY>N</REQU_ENTRY>
       <LABELLEFT>X</LABELLEFT>
      </RPY_DYFATC>
      <RPY_DYFATC>
       <CONT_TYPE>SCREEN</CONT_TYPE>
       <CONT_NAME>SCREEN</CONT_NAME>
       <TYPE>TEMPLATE</TYPE>
       <NAME>DOMAIN_INFORMATION-VALUE01</NAME>
       <TEXT>____________________</TEXT>
       <LINE>038</LINE>
       <COLUMN>027</COLUMN>
       <LENGTH>020</LENGTH>
       <VISLENGTH>020</VISLENGTH>
       <HEIGHT>001</HEIGHT>
       <GROUP1>DOM</GROUP1>
       <FORMAT>CHAR</FORMAT>
       <INPUT_FLD>X</INPUT_FLD>
       <OUTPUT_FLD>X</OUTPUT_FLD>
      </RPY_DYFATC>
      <RPY_DYFATC>
       <CONT_TYPE>SCREEN</CONT_TYPE>
       <CONT_NAME>SCREEN</CONT_NAME>
       <TYPE>TEMPLATE</TYPE>
       <NAME>DOMAIN_INFORMATION-TEXT01</NAME>
       <TEXT>______________________________</TEXT>
       <LINE>038</LINE>
       <COLUMN>049</COLUMN>
       <LENGTH>030</LENGTH>
       <VISLENGTH>030</VISLENGTH>
       <HEIGHT>001</HEIGHT>
       <GROUP1>DOM</GROUP1>
       <FORMAT>CHAR</FORMAT>
       <INPUT_FLD>X</INPUT_FLD>
       <OUTPUT_FLD>X</OUTPUT_FLD>
      </RPY_DYFATC>
      <RPY_DYFATC>
       <CONT_TYPE>SCREEN</CONT_TYPE>
       <CONT_NAME>SCREEN</CONT_NAME>
       <TYPE>TEXT</TYPE>
       <NAME>DOMAIN_INFORMATION-VALUE02</NAME>
       <TEXT>固定值_____________________</TEXT>
       <LINE>039</LINE>
       <COLUMN>002</COLUMN>
       <LENGTH>024</LENGTH>
       <VISLENGTH>024</VISLENGTH>
       <HEIGHT>001</HEIGHT>
       <GROUP1>DOM</GROUP1>
       <FORMAT>CHAR</FORMAT>
       <REQU_ENTRY>N</REQU_ENTRY>
       <LABELLEFT>X</LABELLEFT>
      </RPY_DYFATC>
      <RPY_DYFATC>
       <CONT_TYPE>SCREEN</CONT_TYPE>
       <CONT_NAME>SCREEN</CONT_NAME>
       <TYPE>TEMPLATE</TYPE>
       <NAME>DOMAIN_INFORMATION-VALUE02</NAME>
       <TEXT>____________________</TEXT>
       <LINE>039</LINE>
       <COLUMN>027</COLUMN>
       <LENGTH>020</LENGTH>
       <VISLENGTH>020</VISLENGTH>
       <HEIGHT>001</HEIGHT>
       <GROUP1>DOM</GROUP1>
       <FORMAT>CHAR</FORMAT>
       <INPUT_FLD>X</INPUT_FLD>
       <OUTPUT_FLD>X</OUTPUT_FLD>
      </RPY_DYFATC>
      <RPY_DYFATC>
       <CONT_TYPE>SCREEN</CONT_TYPE>
       <CONT_NAME>SCREEN</CONT_NAME>
       <TYPE>TEMPLATE</TYPE>
       <NAME>DOMAIN_INFORMATION-TEXT02</NAME>
       <TEXT>______________________________</TEXT>
       <LINE>039</LINE>
       <COLUMN>049</COLUMN>
       <LENGTH>030</LENGTH>
       <VISLENGTH>030</VISLENGTH>
       <HEIGHT>001</HEIGHT>
       <GROUP1>DOM</GROUP1>
       <FORMAT>CHAR</FORMAT>
       <INPUT_FLD>X</INPUT_FLD>
       <OUTPUT_FLD>X</OUTPUT_FLD>
      </RPY_DYFATC>
      <RPY_DYFATC>
       <CONT_TYPE>SCREEN</CONT_TYPE>
       <CONT_NAME>SCREEN</CONT_NAME>
       <TYPE>TEXT</TYPE>
       <NAME>DOMAIN_INFORMATION-VALUE03</NAME>
       <TEXT>固定值_____________________</TEXT>
       <LINE>040</LINE>
       <COLUMN>002</COLUMN>
       <LENGTH>024</LENGTH>
       <VISLENGTH>024</VISLENGTH>
       <HEIGHT>001</HEIGHT>
       <GROUP1>DOM</GROUP1>
       <FORMAT>CHAR</FORMAT>
       <REQU_ENTRY>N</REQU_ENTRY>
       <LABELLEFT>X</LABELLEFT>
      </RPY_DYFATC>
      <RPY_DYFATC>
       <CONT_TYPE>SCREEN</CONT_TYPE>
       <CONT_NAME>SCREEN</CONT_NAME>
       <TYPE>TEMPLATE</TYPE>
       <NAME>DOMAIN_INFORMATION-VALUE03</NAME>
       <TEXT>____________________</TEXT>
       <LINE>040</LINE>
       <COLUMN>027</COLUMN>
       <LENGTH>020</LENGTH>
       <VISLENGTH>020</VISLENGTH>
       <HEIGHT>001</HEIGHT>
       <GROUP1>DOM</GROUP1>
       <FORMAT>CHAR</FORMAT>
       <INPUT_FLD>X</INPUT_FLD>
       <OUTPUT_FLD>X</OUTPUT_FLD>
      </RPY_DYFATC>
      <RPY_DYFATC>
       <CONT_TYPE>SCREEN</CONT_TYPE>
       <CONT_NAME>SCREEN</CONT_NAME>
       <TYPE>TEMPLATE</TYPE>
       <NAME>DOMAIN_INFORMATION-TEXT03</NAME>
       <TEXT>______________________________</TEXT>
       <LINE>040</LINE>
       <COLUMN>049</COLUMN>
       <LENGTH>030</LENGTH>
       <VISLENGTH>030</VISLENGTH>
       <HEIGHT>001</HEIGHT>
       <GROUP1>DOM</GROUP1>
       <FORMAT>CHAR</FORMAT>
       <INPUT_FLD>X</INPUT_FLD>
       <OUTPUT_FLD>X</OUTPUT_FLD>
      </RPY_DYFATC>
      <RPY_DYFATC>
       <CONT_TYPE>SCREEN</CONT_TYPE>
       <CONT_NAME>SCREEN</CONT_NAME>
       <TYPE>TEXT</TYPE>
       <NAME>DOMAIN_INFORMATION-VALUE04</NAME>
       <TEXT>固定值_____________________</TEXT>
       <LINE>041</LINE>
       <COLUMN>002</COLUMN>
       <LENGTH>024</LENGTH>
       <VISLENGTH>024</VISLENGTH>
       <HEIGHT>001</HEIGHT>
       <GROUP1>DOM</GROUP1>
       <FORMAT>CHAR</FORMAT>
       <REQU_ENTRY>N</REQU_ENTRY>
       <LABELLEFT>X</LABELLEFT>
      </RPY_DYFATC>
      <RPY_DYFATC>
       <CONT_TYPE>SCREEN</CONT_TYPE>
       <CONT_NAME>SCREEN</CONT_NAME>
       <TYPE>TEMPLATE</TYPE>
       <NAME>DOMAIN_INFORMATION-VALUE04</NAME>
       <TEXT>____________________</TEXT>
       <LINE>041</LINE>
       <COLUMN>027</COLUMN>
       <LENGTH>020</LENGTH>
       <VISLENGTH>020</VISLENGTH>
       <HEIGHT>001</HEIGHT>
       <GROUP1>DOM</GROUP1>
       <FORMAT>CHAR</FORMAT>
       <INPUT_FLD>X</INPUT_FLD>
       <OUTPUT_FLD>X</OUTPUT_FLD>
      </RPY_DYFATC>
      <RPY_DYFATC>
       <CONT_TYPE>SCREEN</CONT_TYPE>
       <CONT_NAME>SCREEN</CONT_NAME>
       <TYPE>TEMPLATE</TYPE>
       <NAME>DOMAIN_INFORMATION-TEXT04</NAME>
       <TEXT>______________________________</TEXT>
       <LINE>041</LINE>
       <COLUMN>049</COLUMN>
       <LENGTH>030</LENGTH>
       <VISLENGTH>030</VISLENGTH>
       <HEIGHT>001</HEIGHT>
       <GROUP1>DOM</GROUP1>
       <FORMAT>CHAR</FORMAT>
       <INPUT_FLD>X</INPUT_FLD>
       <OUTPUT_FLD>X</OUTPUT_FLD>
      </RPY_DYFATC>
      <RPY_DYFATC>
       <CONT_TYPE>SCREEN</CONT_TYPE>
       <CONT_NAME>SCREEN</CONT_NAME>
       <TYPE>TEXT</TYPE>
       <NAME>DOMAIN_INFORMATION-VALUE05</NAME>
       <TEXT>固定值_____________________</TEXT>
       <LINE>042</LINE>
       <COLUMN>002</COLUMN>
       <LENGTH>024</LENGTH>
       <VISLENGTH>024</VISLENGTH>
       <HEIGHT>001</HEIGHT>
       <GROUP1>DOM</GROUP1>
       <FORMAT>CHAR</FORMAT>
       <REQU_ENTRY>N</REQU_ENTRY>
       <LABELLEFT>X</LABELLEFT>
      </RPY_DYFATC>
      <RPY_DYFATC>
       <CONT_TYPE>SCREEN</CONT_TYPE>
       <CONT_NAME>SCREEN</CONT_NAME>
       <TYPE>TEMPLATE</TYPE>
       <NAME>DOMAIN_INFORMATION-VALUE05</NAME>
       <TEXT>____________________</TEXT>
       <LINE>042</LINE>
       <COLUMN>027</COLUMN>
       <LENGTH>020</LENGTH>
       <VISLENGTH>020</VISLENGTH>
       <HEIGHT>001</HEIGHT>
       <GROUP1>DOM</GROUP1>
       <FORMAT>CHAR</FORMAT>
       <INPUT_FLD>X</INPUT_FLD>
       <OUTPUT_FLD>X</OUTPUT_FLD>
      </RPY_DYFATC>
      <RPY_DYFATC>
       <CONT_TYPE>SCREEN</CONT_TYPE>
       <CONT_NAME>SCREEN</CONT_NAME>
       <TYPE>TEMPLATE</TYPE>
       <NAME>DOMAIN_INFORMATION-TEXT05</NAME>
       <TEXT>______________________________</TEXT>
       <LINE>042</LINE>
       <COLUMN>049</COLUMN>
       <LENGTH>030</LENGTH>
       <VISLENGTH>030</VISLENGTH>
       <HEIGHT>001</HEIGHT>
       <GROUP1>DOM</GROUP1>
       <FORMAT>CHAR</FORMAT>
       <INPUT_FLD>X</INPUT_FLD>
       <OUTPUT_FLD>X</OUTPUT_FLD>
      </RPY_DYFATC>
      <RPY_DYFATC>
       <CONT_TYPE>SCREEN</CONT_TYPE>
       <CONT_NAME>SCREEN</CONT_NAME>
       <TYPE>TEXT</TYPE>
       <NAME>DOMAIN_INFORMATION-VALUE06</NAME>
       <TEXT>固定值_____________________</TEXT>
       <LINE>043</LINE>
       <COLUMN>002</COLUMN>
       <LENGTH>024</LENGTH>
       <VISLENGTH>024</VISLENGTH>
       <HEIGHT>001</HEIGHT>
       <GROUP1>DOM</GROUP1>
       <FORMAT>CHAR</FORMAT>
       <REQU_ENTRY>N</REQU_ENTRY>
       <LABELLEFT>X</LABELLEFT>
      </RPY_DYFATC>
      <RPY_DYFATC>
       <CONT_TYPE>SCREEN</CONT_TYPE>
       <CONT_NAME>SCREEN</CONT_NAME>
       <TYPE>TEMPLATE</TYPE>
       <NAME>DOMAIN_INFORMATION-VALUE06</NAME>
       <TEXT>____________________</TEXT>
       <LINE>043</LINE>
       <COLUMN>027</COLUMN>
       <LENGTH>020</LENGTH>
       <VISLENGTH>020</VISLENGTH>
       <HEIGHT>001</HEIGHT>
       <GROUP1>DOM</GROUP1>
       <FORMAT>CHAR</FORMAT>
       <INPUT_FLD>X</INPUT_FLD>
       <OUTPUT_FLD>X</OUTPUT_FLD>
      </RPY_DYFATC>
      <RPY_DYFATC>
       <CONT_TYPE>SCREEN</CONT_TYPE>
       <CONT_NAME>SCREEN</CONT_NAME>
       <TYPE>TEMPLATE</TYPE>
       <NAME>DOMAIN_INFORMATION-TEXT06</NAME>
       <TEXT>______________________________</TEXT>
       <LINE>043</LINE>
       <COLUMN>049</COLUMN>
       <LENGTH>030</LENGTH>
       <VISLENGTH>030</VISLENGTH>
       <HEIGHT>001</HEIGHT>
       <GROUP1>DOM</GROUP1>
       <FORMAT>CHAR</FORMAT>
       <INPUT_FLD>X</INPUT_FLD>
       <OUTPUT_FLD>X</OUTPUT_FLD>
      </RPY_DYFATC>
      <RPY_DYFATC>
       <CONT_TYPE>SCREEN</CONT_TYPE>
       <CONT_NAME>SCREEN</CONT_NAME>
       <TYPE>TEXT</TYPE>
       <NAME>DOMAIN_INFORMATION-VALUE07</NAME>
       <TEXT>固定值_____________________</TEXT>
       <LINE>044</LINE>
       <COLUMN>002</COLUMN>
       <LENGTH>024</LENGTH>
       <VISLENGTH>024</VISLENGTH>
       <HEIGHT>001</HEIGHT>
       <GROUP1>DOM</GROUP1>
       <FORMAT>CHAR</FORMAT>
       <REQU_ENTRY>N</REQU_ENTRY>
       <LABELLEFT>X</LABELLEFT>
      </RPY_DYFATC>
      <RPY_DYFATC>
       <CONT_TYPE>SCREEN</CONT_TYPE>
       <CONT_NAME>SCREEN</CONT_NAME>
       <TYPE>TEMPLATE</TYPE>
       <NAME>DOMAIN_INFORMATION-VALUE07</NAME>
       <TEXT>____________________</TEXT>
       <LINE>044</LINE>
       <COLUMN>027</COLUMN>
       <LENGTH>020</LENGTH>
       <VISLENGTH>020</VISLENGTH>
       <HEIGHT>001</HEIGHT>
       <GROUP1>DOM</GROUP1>
       <FORMAT>CHAR</FORMAT>
       <INPUT_FLD>X</INPUT_FLD>
       <OUTPUT_FLD>X</OUTPUT_FLD>
      </RPY_DYFATC>
      <RPY_DYFATC>
       <CONT_TYPE>SCREEN</CONT_TYPE>
       <CONT_NAME>SCREEN</CONT_NAME>
       <TYPE>TEMPLATE</TYPE>
       <NAME>DOMAIN_INFORMATION-TEXT07</NAME>
       <TEXT>______________________________</TEXT>
       <LINE>044</LINE>
       <COLUMN>049</COLUMN>
       <LENGTH>030</LENGTH>
       <VISLENGTH>030</VISLENGTH>
       <HEIGHT>001</HEIGHT>
       <GROUP1>DOM</GROUP1>
       <FORMAT>CHAR</FORMAT>
       <INPUT_FLD>X</INPUT_FLD>
       <OUTPUT_FLD>X</OUTPUT_FLD>
      </RPY_DYFATC>
      <RPY_DYFATC>
       <CONT_TYPE>SCREEN</CONT_TYPE>
       <CONT_NAME>SCREEN</CONT_NAME>
       <TYPE>TEXT</TYPE>
       <NAME>DOMAIN_INFORMATION-VALUE08</NAME>
       <TEXT>固定值_____________________</TEXT>
       <LINE>045</LINE>
       <COLUMN>002</COLUMN>
       <LENGTH>024</LENGTH>
       <VISLENGTH>024</VISLENGTH>
       <HEIGHT>001</HEIGHT>
       <GROUP1>DOM</GROUP1>
       <FORMAT>CHAR</FORMAT>
       <REQU_ENTRY>N</REQU_ENTRY>
       <LABELLEFT>X</LABELLEFT>
      </RPY_DYFATC>
      <RPY_DYFATC>
       <CONT_TYPE>SCREEN</CONT_TYPE>
       <CONT_NAME>SCREEN</CONT_NAME>
       <TYPE>TEMPLATE</TYPE>
       <NAME>DOMAIN_INFORMATION-VALUE08</NAME>
       <TEXT>____________________</TEXT>
       <LINE>045</LINE>
       <COLUMN>027</COLUMN>
       <LENGTH>020</LENGTH>
       <VISLENGTH>020</VISLENGTH>
       <HEIGHT>001</HEIGHT>
       <GROUP1>DOM</GROUP1>
       <FORMAT>CHAR</FORMAT>
       <INPUT_FLD>X</INPUT_FLD>
       <OUTPUT_FLD>X</OUTPUT_FLD>
      </RPY_DYFATC>
      <RPY_DYFATC>
       <CONT_TYPE>SCREEN</CONT_TYPE>
       <CONT_NAME>SCREEN</CONT_NAME>
       <TYPE>TEMPLATE</TYPE>
       <NAME>DOMAIN_INFORMATION-TEXT08</NAME>
       <TEXT>______________________________</TEXT>
       <LINE>045</LINE>
       <COLUMN>049</COLUMN>
       <LENGTH>030</LENGTH>
       <VISLENGTH>030</VISLENGTH>
       <HEIGHT>001</HEIGHT>
       <GROUP1>DOM</GROUP1>
       <FORMAT>CHAR</FORMAT>
       <INPUT_FLD>X</INPUT_FLD>
       <OUTPUT_FLD>X</OUTPUT_FLD>
      </RPY_DYFATC>
      <RPY_DYFATC>
       <CONT_TYPE>SCREEN</CONT_TYPE>
       <CONT_NAME>SCREEN</CONT_NAME>
       <TYPE>TEXT</TYPE>
       <NAME>DOMAIN_INFORMATION-VALUE09</NAME>
       <TEXT>固定值_____________________</TEXT>
       <LINE>046</LINE>
       <COLUMN>002</COLUMN>
       <LENGTH>024</LENGTH>
       <VISLENGTH>024</VISLENGTH>
       <HEIGHT>001</HEIGHT>
       <GROUP1>DOM</GROUP1>
       <FORMAT>CHAR</FORMAT>
       <REQU_ENTRY>N</REQU_ENTRY>
       <LABELLEFT>X</LABELLEFT>
      </RPY_DYFATC>
      <RPY_DYFATC>
       <CONT_TYPE>SCREEN</CONT_TYPE>
       <CONT_NAME>SCREEN</CONT_NAME>
       <TYPE>TEMPLATE</TYPE>
       <NAME>DOMAIN_INFORMATION-VALUE09</NAME>
       <TEXT>____________________</TEXT>
       <LINE>046</LINE>
       <COLUMN>027</COLUMN>
       <LENGTH>020</LENGTH>
       <VISLENGTH>020</VISLENGTH>
       <HEIGHT>001</HEIGHT>
       <GROUP1>DOM</GROUP1>
       <FORMAT>CHAR</FORMAT>
       <INPUT_FLD>X</INPUT_FLD>
       <OUTPUT_FLD>X</OUTPUT_FLD>
      </RPY_DYFATC>
      <RPY_DYFATC>
       <CONT_TYPE>SCREEN</CONT_TYPE>
       <CONT_NAME>SCREEN</CONT_NAME>
       <TYPE>TEMPLATE</TYPE>
       <NAME>DOMAIN_INFORMATION-TEXT09</NAME>
       <TEXT>______________________________</TEXT>
       <LINE>046</LINE>
       <COLUMN>049</COLUMN>
       <LENGTH>030</LENGTH>
       <VISLENGTH>030</VISLENGTH>
       <HEIGHT>001</HEIGHT>
       <GROUP1>DOM</GROUP1>
       <FORMAT>CHAR</FORMAT>
       <INPUT_FLD>X</INPUT_FLD>
       <OUTPUT_FLD>X</OUTPUT_FLD>
      </RPY_DYFATC>
      <RPY_DYFATC>
       <CONT_TYPE>SCREEN</CONT_TYPE>
       <CONT_NAME>SCREEN</CONT_NAME>
       <TYPE>TEXT</TYPE>
       <NAME>DOMAIN_INFORMATION-VALUE10</NAME>
       <TEXT>固定值_____________________</TEXT>
       <LINE>047</LINE>
       <COLUMN>002</COLUMN>
       <LENGTH>024</LENGTH>
       <VISLENGTH>024</VISLENGTH>
       <HEIGHT>001</HEIGHT>
       <GROUP1>DOM</GROUP1>
       <FORMAT>CHAR</FORMAT>
       <REQU_ENTRY>N</REQU_ENTRY>
       <LABELLEFT>X</LABELLEFT>
      </RPY_DYFATC>
      <RPY_DYFATC>
       <CONT_TYPE>SCREEN</CONT_TYPE>
       <CONT_NAME>SCREEN</CONT_NAME>
       <TYPE>TEMPLATE</TYPE>
       <NAME>DOMAIN_INFORMATION-VALUE10</NAME>
       <TEXT>____________________</TEXT>
       <LINE>047</LINE>
       <COLUMN>027</COLUMN>
       <LENGTH>020</LENGTH>
       <VISLENGTH>020</VISLENGTH>
       <HEIGHT>001</HEIGHT>
       <GROUP1>DOM</GROUP1>
       <FORMAT>CHAR</FORMAT>
       <INPUT_FLD>X</INPUT_FLD>
       <OUTPUT_FLD>X</OUTPUT_FLD>
      </RPY_DYFATC>
      <RPY_DYFATC>
       <CONT_TYPE>SCREEN</CONT_TYPE>
       <CONT_NAME>SCREEN</CONT_NAME>
       <TYPE>TEMPLATE</TYPE>
       <NAME>DOMAIN_INFORMATION-TEXT10</NAME>
       <TEXT>______________________________</TEXT>
       <LINE>047</LINE>
       <COLUMN>049</COLUMN>
       <LENGTH>030</LENGTH>
       <VISLENGTH>030</VISLENGTH>
       <HEIGHT>001</HEIGHT>
       <GROUP1>DOM</GROUP1>
       <FORMAT>CHAR</FORMAT>
       <INPUT_FLD>X</INPUT_FLD>
       <OUTPUT_FLD>X</OUTPUT_FLD>
      </RPY_DYFATC>
      <RPY_DYFATC>
       <CONT_TYPE>SCREEN</CONT_TYPE>
       <CONT_NAME>SCREEN</CONT_NAME>
       <TYPE>TEXT</TYPE>
       <NAME>DOMAIN_INFORMATION-VALUE11</NAME>
       <TEXT>固定值_____________________</TEXT>
       <LINE>048</LINE>
       <COLUMN>002</COLUMN>
       <LENGTH>024</LENGTH>
       <VISLENGTH>024</VISLENGTH>
       <HEIGHT>001</HEIGHT>
       <GROUP1>DOM</GROUP1>
       <FORMAT>CHAR</FORMAT>
       <REQU_ENTRY>N</REQU_ENTRY>
       <LABELLEFT>X</LABELLEFT>
      </RPY_DYFATC>
      <RPY_DYFATC>
       <CONT_TYPE>SCREEN</CONT_TYPE>
       <CONT_NAME>SCREEN</CONT_NAME>
       <TYPE>TEMPLATE</TYPE>
       <NAME>DOMAIN_INFORMATION-VALUE11</NAME>
       <TEXT>____________________</TEXT>
       <LINE>048</LINE>
       <COLUMN>027</COLUMN>
       <LENGTH>020</LENGTH>
       <VISLENGTH>020</VISLENGTH>
       <HEIGHT>001</HEIGHT>
       <GROUP1>DOM</GROUP1>
       <FORMAT>CHAR</FORMAT>
       <INPUT_FLD>X</INPUT_FLD>
       <OUTPUT_FLD>X</OUTPUT_FLD>
      </RPY_DYFATC>
      <RPY_DYFATC>
       <CONT_TYPE>SCREEN</CONT_TYPE>
       <CONT_NAME>SCREEN</CONT_NAME>
       <TYPE>TEMPLATE</TYPE>
       <NAME>DOMAIN_INFORMATION-TEXT11</NAME>
       <TEXT>______________________________</TEXT>
       <LINE>048</LINE>
       <COLUMN>049</COLUMN>
       <LENGTH>030</LENGTH>
       <VISLENGTH>030</VISLENGTH>
       <HEIGHT>001</HEIGHT>
       <GROUP1>DOM</GROUP1>
       <FORMAT>CHAR</FORMAT>
       <INPUT_FLD>X</INPUT_FLD>
       <OUTPUT_FLD>X</OUTPUT_FLD>
      </RPY_DYFATC>
      <RPY_DYFATC>
       <CONT_TYPE>SCREEN</CONT_TYPE>
       <CONT_NAME>SCREEN</CONT_NAME>
       <TYPE>TEXT</TYPE>
       <NAME>DOMAIN_INFORMATION-VALUE12</NAME>
       <TEXT>固定值_____________________</TEXT>
       <LINE>049</LINE>
       <COLUMN>002</COLUMN>
       <LENGTH>024</LENGTH>
       <VISLENGTH>024</VISLENGTH>
       <HEIGHT>001</HEIGHT>
       <GROUP1>DOM</GROUP1>
       <FORMAT>CHAR</FORMAT>
       <REQU_ENTRY>N</REQU_ENTRY>
       <LABELLEFT>X</LABELLEFT>
      </RPY_DYFATC>
      <RPY_DYFATC>
       <CONT_TYPE>SCREEN</CONT_TYPE>
       <CONT_NAME>SCREEN</CONT_NAME>
       <TYPE>TEMPLATE</TYPE>
       <NAME>DOMAIN_INFORMATION-VALUE12</NAME>
       <TEXT>____________________</TEXT>
       <LINE>049</LINE>
       <COLUMN>027</COLUMN>
       <LENGTH>020</LENGTH>
       <VISLENGTH>020</VISLENGTH>
       <HEIGHT>001</HEIGHT>
       <GROUP1>DOM</GROUP1>
       <FORMAT>CHAR</FORMAT>
       <INPUT_FLD>X</INPUT_FLD>
       <OUTPUT_FLD>X</OUTPUT_FLD>
      </RPY_DYFATC>
      <RPY_DYFATC>
       <CONT_TYPE>SCREEN</CONT_TYPE>
       <CONT_NAME>SCREEN</CONT_NAME>
       <TYPE>TEMPLATE</TYPE>
       <NAME>DOMAIN_INFORMATION-TEXT12</NAME>
       <TEXT>______________________________</TEXT>
       <LINE>049</LINE>
       <COLUMN>049</COLUMN>
       <LENGTH>030</LENGTH>
       <VISLENGTH>030</VISLENGTH>
       <HEIGHT>001</HEIGHT>
       <GROUP1>DOM</GROUP1>
       <FORMAT>CHAR</FORMAT>
       <INPUT_FLD>X</INPUT_FLD>
       <OUTPUT_FLD>X</OUTPUT_FLD>
      </RPY_DYFATC>
      <RPY_DYFATC>
       <CONT_TYPE>SCREEN</CONT_TYPE>
       <CONT_NAME>SCREEN</CONT_NAME>
       <TYPE>TEXT</TYPE>
       <NAME>DOMAIN_INFORMATION-VALUE13</NAME>
       <TEXT>固定值_____________________</TEXT>
       <LINE>050</LINE>
       <COLUMN>002</COLUMN>
       <LENGTH>024</LENGTH>
       <VISLENGTH>024</VISLENGTH>
       <HEIGHT>001</HEIGHT>
       <GROUP1>DOM</GROUP1>
       <FORMAT>CHAR</FORMAT>
       <REQU_ENTRY>N</REQU_ENTRY>
       <LABELLEFT>X</LABELLEFT>
      </RPY_DYFATC>
      <RPY_DYFATC>
       <CONT_TYPE>SCREEN</CONT_TYPE>
       <CONT_NAME>SCREEN</CONT_NAME>
       <TYPE>TEMPLATE</TYPE>
       <NAME>DOMAIN_INFORMATION-VALUE13</NAME>
       <TEXT>____________________</TEXT>
       <LINE>050</LINE>
       <COLUMN>027</COLUMN>
       <LENGTH>020</LENGTH>
       <VISLENGTH>020</VISLENGTH>
       <HEIGHT>001</HEIGHT>
       <GROUP1>DOM</GROUP1>
       <FORMAT>CHAR</FORMAT>
       <INPUT_FLD>X</INPUT_FLD>
       <OUTPUT_FLD>X</OUTPUT_FLD>
      </RPY_DYFATC>
      <RPY_DYFATC>
       <CONT_TYPE>SCREEN</CONT_TYPE>
       <CONT_NAME>SCREEN</CONT_NAME>
       <TYPE>TEMPLATE</TYPE>
       <NAME>DOMAIN_INFORMATION-TEXT13</NAME>
       <TEXT>______________________________</TEXT>
       <LINE>050</LINE>
       <COLUMN>049</COLUMN>
       <LENGTH>030</LENGTH>
       <VISLENGTH>030</VISLENGTH>
       <HEIGHT>001</HEIGHT>
       <GROUP1>DOM</GROUP1>
       <FORMAT>CHAR</FORMAT>
       <INPUT_FLD>X</INPUT_FLD>
       <OUTPUT_FLD>X</OUTPUT_FLD>
      </RPY_DYFATC>
      <RPY_DYFATC>
       <CONT_TYPE>SCREEN</CONT_TYPE>
       <CONT_NAME>SCREEN</CONT_NAME>
       <TYPE>TEXT</TYPE>
       <NAME>DOMAIN_INFORMATION-VALUE14</NAME>
       <TEXT>固定值_____________________</TEXT>
       <LINE>051</LINE>
       <COLUMN>002</COLUMN>
       <LENGTH>024</LENGTH>
       <VISLENGTH>024</VISLENGTH>
       <HEIGHT>001</HEIGHT>
       <GROUP1>DOM</GROUP1>
       <FORMAT>CHAR</FORMAT>
       <REQU_ENTRY>N</REQU_ENTRY>
       <LABELLEFT>X</LABELLEFT>
      </RPY_DYFATC>
      <RPY_DYFATC>
       <CONT_TYPE>SCREEN</CONT_TYPE>
       <CONT_NAME>SCREEN</CONT_NAME>
       <TYPE>TEMPLATE</TYPE>
       <NAME>DOMAIN_INFORMATION-VALUE14</NAME>
       <TEXT>____________________</TEXT>
       <LINE>051</LINE>
       <COLUMN>027</COLUMN>
       <LENGTH>020</LENGTH>
       <VISLENGTH>020</VISLENGTH>
       <HEIGHT>001</HEIGHT>
       <GROUP1>DOM</GROUP1>
       <FORMAT>CHAR</FORMAT>
       <INPUT_FLD>X</INPUT_FLD>
       <OUTPUT_FLD>X</OUTPUT_FLD>
      </RPY_DYFATC>
      <RPY_DYFATC>
       <CONT_TYPE>SCREEN</CONT_TYPE>
       <CONT_NAME>SCREEN</CONT_NAME>
       <TYPE>TEMPLATE</TYPE>
       <NAME>DOMAIN_INFORMATION-TEXT14</NAME>
       <TEXT>______________________________</TEXT>
       <LINE>051</LINE>
       <COLUMN>049</COLUMN>
       <LENGTH>030</LENGTH>
       <VISLENGTH>030</VISLENGTH>
       <HEIGHT>001</HEIGHT>
       <GROUP1>DOM</GROUP1>
       <FORMAT>CHAR</FORMAT>
       <INPUT_FLD>X</INPUT_FLD>
       <OUTPUT_FLD>X</OUTPUT_FLD>
      </RPY_DYFATC>
      <RPY_DYFATC>
       <CONT_TYPE>SCREEN</CONT_TYPE>
       <CONT_NAME>SCREEN</CONT_NAME>
       <TYPE>TEXT</TYPE>
       <NAME>DOMAIN_INFORMATION-VALUE15</NAME>
       <TEXT>固定值_____________________</TEXT>
       <LINE>052</LINE>
       <COLUMN>002</COLUMN>
       <LENGTH>024</LENGTH>
       <VISLENGTH>024</VISLENGTH>
       <HEIGHT>001</HEIGHT>
       <GROUP1>DOM</GROUP1>
       <FORMAT>CHAR</FORMAT>
       <REQU_ENTRY>N</REQU_ENTRY>
       <LABELLEFT>X</LABELLEFT>
      </RPY_DYFATC>
      <RPY_DYFATC>
       <CONT_TYPE>SCREEN</CONT_TYPE>
       <CONT_NAME>SCREEN</CONT_NAME>
       <TYPE>TEMPLATE</TYPE>
       <NAME>DOMAIN_INFORMATION-VALUE15</NAME>
       <TEXT>____________________</TEXT>
       <LINE>052</LINE>
       <COLUMN>027</COLUMN>
       <LENGTH>020</LENGTH>
       <VISLENGTH>020</VISLENGTH>
       <HEIGHT>001</HEIGHT>
       <GROUP1>DOM</GROUP1>
       <FORMAT>CHAR</FORMAT>
       <INPUT_FLD>X</INPUT_FLD>
       <OUTPUT_FLD>X</OUTPUT_FLD>
      </RPY_DYFATC>
      <RPY_DYFATC>
       <CONT_TYPE>SCREEN</CONT_TYPE>
       <CONT_NAME>SCREEN</CONT_NAME>
       <TYPE>TEMPLATE</TYPE>
       <NAME>DOMAIN_INFORMATION-TEXT15</NAME>
       <TEXT>______________________________</TEXT>
       <LINE>052</LINE>
       <COLUMN>049</COLUMN>
       <LENGTH>030</LENGTH>
       <VISLENGTH>030</VISLENGTH>
       <HEIGHT>001</HEIGHT>
       <GROUP1>DOM</GROUP1>
       <FORMAT>CHAR</FORMAT>
       <INPUT_FLD>X</INPUT_FLD>
       <OUTPUT_FLD>X</OUTPUT_FLD>
      </RPY_DYFATC>
      <RPY_DYFATC>
       <CONT_TYPE>SCREEN</CONT_TYPE>
       <CONT_NAME>SCREEN</CONT_NAME>
       <TYPE>OKCODE</TYPE>
       <NAME>OK_CODE</NAME>
       <TEXT>____________________</TEXT>
       <LENGTH>020</LENGTH>
       <VISLENGTH>020</VISLENGTH>
       <HEIGHT>001</HEIGHT>
       <FORMAT>CHAR</FORMAT>
       <INPUT_FLD>X</INPUT_FLD>
      </RPY_DYFATC>
      <RPY_DYFATC>
       <CONT_TYPE>TABLE_CTRL</CONT_TYPE>
       <CONT_NAME>TC_FIELDS</CONT_NAME>
       <TYPE>TEXT</TYPE>
       <NAME>FIELD_INFORMATION-FIELDNAME</NAME>
       <TEXT>字段名___</TEXT>
       <LINE>001</LINE>
       <COLUMN>001</COLUMN>
       <LENGTH>006</LENGTH>
       <VISLENGTH>013</VISLENGTH>
       <HEIGHT>001</HEIGHT>
       <FORMAT>CHAR</FORMAT>
       <REQU_ENTRY>N</REQU_ENTRY>
       <TC_HEADING>X</TC_HEADING>
      </RPY_DYFATC>
      <RPY_DYFATC>
       <CONT_TYPE>TABLE_CTRL</CONT_TYPE>
       <CONT_NAME>TC_FIELDS</CONT_NAME>
       <TYPE>TEXT</TYPE>
       <NAME>*FIELD_INFORMATION-KEYFLAG</NAME>
       <TEXT>主键__</TEXT>
       <LINE>001</LINE>
       <COLUMN>002</COLUMN>
       <LENGTH>004</LENGTH>
       <VISLENGTH>004</VISLENGTH>
       <HEIGHT>001</HEIGHT>
       <FORMAT>CHAR</FORMAT>
       <REQU_ENTRY>N</REQU_ENTRY>
       <TC_HEADING>X</TC_HEADING>
      </RPY_DYFATC>
      <RPY_DYFATC>
       <CONT_TYPE>TABLE_CTRL</CONT_TYPE>
       <CONT_NAME>TC_FIELDS</CONT_NAME>
       <TYPE>TEXT</TYPE>
       <NAME>FIELD_INFORMATION-ROLLNAME</NAME>
       <TEXT>数据元素____</TEXT>
       <LINE>001</LINE>
       <COLUMN>003</COLUMN>
       <LENGTH>008</LENGTH>
       <VISLENGTH>015</VISLENGTH>
       <HEIGHT>001</HEIGHT>
       <FORMAT>CHAR</FORMAT>
       <REQU_ENTRY>N</REQU_ENTRY>
       <TC_HEADING>X</TC_HEADING>
      </RPY_DYFATC>
      <RPY_DYFATC>
       <CONT_TYPE>TABLE_CTRL</CONT_TYPE>
       <CONT_NAME>TC_FIELDS</CONT_NAME>
       <TYPE>TEXT</TYPE>
       <NAME>FIELD_INFORMATION-DDTEXT</NAME>
       <TEXT>描述__</TEXT>
       <LINE>001</LINE>
       <COLUMN>004</COLUMN>
       <LENGTH>004</LENGTH>
       <VISLENGTH>023</VISLENGTH>
       <HEIGHT>001</HEIGHT>
       <FORMAT>CHAR</FORMAT>
       <REQU_ENTRY>N</REQU_ENTRY>
       <TC_HEADING>X</TC_HEADING>
      </RPY_DYFATC>
      <RPY_DYFATC>
       <CONT_TYPE>TABLE_CTRL</CONT_TYPE>
       <CONT_NAME>TC_FIELDS</CONT_NAME>
       <TYPE>TEXT</TYPE>
       <NAME>FIELD_INFORMATION-DATATYPE</NAME>
       <TEXT>数据类型____</TEXT>
       <LINE>001</LINE>
       <COLUMN>005</COLUMN>
       <LENGTH>008</LENGTH>
       <VISLENGTH>008</VISLENGTH>
       <HEIGHT>001</HEIGHT>
       <FORMAT>CHAR</FORMAT>
       <REQU_ENTRY>N</REQU_ENTRY>
       <TC_HEADING>X</TC_HEADING>
      </RPY_DYFATC>
      <RPY_DYFATC>
       <CONT_TYPE>TABLE_CTRL</CONT_TYPE>
       <CONT_NAME>TC_FIELDS</CONT_NAME>
       <TYPE>TEXT</TYPE>
       <NAME>FIELD_INFORMATION-LENG</NAME>
       <TEXT>长度__</TEXT>
       <LINE>001</LINE>
       <COLUMN>006</COLUMN>
       <LENGTH>004</LENGTH>
       <VISLENGTH>004</VISLENGTH>
       <HEIGHT>001</HEIGHT>
       <FORMAT>CHAR</FORMAT>
       <REQU_ENTRY>N</REQU_ENTRY>
       <TC_HEADING>X</TC_HEADING>
      </RPY_DYFATC>
      <RPY_DYFATC>
       <CONT_TYPE>TABLE_CTRL</CONT_TYPE>
       <CONT_NAME>TC_FIELDS</CONT_NAME>
       <TYPE>TEXT</TYPE>
       <NAME>FIELD_INFORMATION-DECIMALS</NAME>
       <TEXT>小数位___</TEXT>
       <LINE>001</LINE>
       <COLUMN>007</COLUMN>
       <LENGTH>006</LENGTH>
       <VISLENGTH>006</VISLENGTH>
       <HEIGHT>001</HEIGHT>
       <FORMAT>CHAR</FORMAT>
       <REQU_ENTRY>N</REQU_ENTRY>
       <TC_HEADING>X</TC_HEADING>
      </RPY_DYFATC>
      <RPY_DYFATC>
       <CONT_TYPE>TABLE_CTRL</CONT_TYPE>
       <CONT_NAME>TC_FIELDS</CONT_NAME>
       <TYPE>TEXT</TYPE>
       <NAME>FIELD_INFORMATION-REFTABLE</NAME>
       <TEXT>参考表___</TEXT>
       <LINE>001</LINE>
       <COLUMN>008</COLUMN>
       <LENGTH>006</LENGTH>
       <VISLENGTH>011</VISLENGTH>
       <HEIGHT>001</HEIGHT>
       <FORMAT>CHAR</FORMAT>
       <REQU_ENTRY>N</REQU_ENTRY>
       <TC_HEADING>X</TC_HEADING>
      </RPY_DYFATC>
      <RPY_DYFATC>
       <CONT_TYPE>TABLE_CTRL</CONT_TYPE>
       <CONT_NAME>TC_FIELDS</CONT_NAME>
       <TYPE>TEXT</TYPE>
       <NAME>FIELD_INFORMATION-REFFIELD</NAME>
       <TEXT>参考字段____</TEXT>
       <LINE>001</LINE>
       <COLUMN>009</COLUMN>
       <LENGTH>008</LENGTH>
       <VISLENGTH>013</VISLENGTH>
       <HEIGHT>001</HEIGHT>
       <FORMAT>CHAR</FORMAT>
       <REQU_ENTRY>N</REQU_ENTRY>
       <TC_HEADING>X</TC_HEADING>
      </RPY_DYFATC>
      <RPY_DYFATC>
       <CONT_TYPE>TABLE_CTRL</CONT_TYPE>
       <CONT_NAME>TC_FIELDS</CONT_NAME>
       <TYPE>CHECK</TYPE>
       <NAME>FIELD_INFORMATION-CHECKBOX</NAME>
       <LINE>001</LINE>
       <LENGTH>001</LENGTH>
       <VISLENGTH>001</VISLENGTH>
       <HEIGHT>001</HEIGHT>
       <FORMAT>CHAR</FORMAT>
       <INPUT_FLD>X</INPUT_FLD>
       <OUTPUT_FLD>X</OUTPUT_FLD>
       <TC_SELCOL>X</TC_SELCOL>
      </RPY_DYFATC>
      <RPY_DYFATC>
       <CONT_TYPE>TABLE_CTRL</CONT_TYPE>
       <CONT_NAME>TC_FIELDS</CONT_NAME>
       <TYPE>TEMPLATE</TYPE>
       <NAME>FIELD_INFORMATION-FIELDNAME</NAME>
       <TEXT>______________________________</TEXT>
       <ROLLING>X</ROLLING>
       <LINE>001</LINE>
       <COLUMN>001</COLUMN>
       <LENGTH>030</LENGTH>
       <VISLENGTH>013</VISLENGTH>
       <HEIGHT>001</HEIGHT>
       <GROUP1>FIE</GROUP1>
       <FORMAT>CHAR</FORMAT>
       <INPUT_FLD>X</INPUT_FLD>
       <OUTPUT_FLD>X</OUTPUT_FLD>
      </RPY_DYFATC>
      <RPY_DYFATC>
       <CONT_TYPE>TABLE_CTRL</CONT_TYPE>
       <CONT_NAME>TC_FIELDS</CONT_NAME>
       <TYPE>CHECK</TYPE>
       <NAME>FIELD_INFORMATION-KEYFLAG</NAME>
       <LINE>001</LINE>
       <COLUMN>002</COLUMN>
       <LENGTH>001</LENGTH>
       <VISLENGTH>004</VISLENGTH>
       <HEIGHT>001</HEIGHT>
       <GROUP1>FIE</GROUP1>
       <FORMAT>CHAR</FORMAT>
       <INPUT_FLD>X</INPUT_FLD>
       <OUTPUT_FLD>X</OUTPUT_FLD>
      </RPY_DYFATC>
      <RPY_DYFATC>
       <CONT_TYPE>TABLE_CTRL</CONT_TYPE>
       <CONT_NAME>TC_FIELDS</CONT_NAME>
       <TYPE>TEMPLATE</TYPE>
       <NAME>FIELD_INFORMATION-ROLLNAME</NAME>
       <TEXT>______________________________</TEXT>
       <ROLLING>X</ROLLING>
       <LINE>001</LINE>
       <COLUMN>003</COLUMN>
       <LENGTH>030</LENGTH>
       <VISLENGTH>015</VISLENGTH>
       <HEIGHT>001</HEIGHT>
       <GROUP1>FIE</GROUP1>
       <FORMAT>CHAR</FORMAT>
       <INPUT_FLD>X</INPUT_FLD>
       <OUTPUT_FLD>X</OUTPUT_FLD>
       <DBLCLICK>X</DBLCLICK>
      </RPY_DYFATC>
      <RPY_DYFATC>
       <CONT_TYPE>TABLE_CTRL</CONT_TYPE>
       <CONT_NAME>TC_FIELDS</CONT_NAME>
       <TYPE>TEMPLATE</TYPE>
       <NAME>FIELD_INFORMATION-DDTEXT</NAME>
       <TEXT>____________________________________________________________</TEXT>
       <ROLLING>X</ROLLING>
       <LINE>001</LINE>
       <COLUMN>004</COLUMN>
       <LENGTH>060</LENGTH>
       <VISLENGTH>023</VISLENGTH>
       <HEIGHT>001</HEIGHT>
       <GROUP1>FIE</GROUP1>
       <FORMAT>CHAR</FORMAT>
       <UP_LOWER>X</UP_LOWER>
       <INPUT_FLD>X</INPUT_FLD>
       <OUTPUT_FLD>X</OUTPUT_FLD>
      </RPY_DYFATC>
      <RPY_DYFATC>
       <CONT_TYPE>TABLE_CTRL</CONT_TYPE>
       <CONT_NAME>TC_FIELDS</CONT_NAME>
       <TYPE>TEMPLATE</TYPE>
       <NAME>FIELD_INFORMATION-DATATYPE</NAME>
       <TEXT>__________</TEXT>
       <ROLLING>X</ROLLING>
       <LINE>001</LINE>
       <COLUMN>005</COLUMN>
       <LENGTH>010</LENGTH>
       <VISLENGTH>008</VISLENGTH>
       <HEIGHT>001</HEIGHT>
       <GROUP1>FIE</GROUP1>
       <FORMAT>CHAR</FORMAT>
       <INPUT_FLD>X</INPUT_FLD>
       <OUTPUT_FLD>X</OUTPUT_FLD>
      </RPY_DYFATC>
      <RPY_DYFATC>
       <CONT_TYPE>TABLE_CTRL</CONT_TYPE>
       <CONT_NAME>TC_FIELDS</CONT_NAME>
       <TYPE>TEMPLATE</TYPE>
       <NAME>FIELD_INFORMATION-LENG</NAME>
       <TEXT>______</TEXT>
       <ROLLING>X</ROLLING>
       <LINE>001</LINE>
       <COLUMN>006</COLUMN>
       <LENGTH>006</LENGTH>
       <VISLENGTH>004</VISLENGTH>
       <HEIGHT>001</HEIGHT>
       <GROUP1>FIE</GROUP1>
       <FORMAT>NUMC</FORMAT>
       <INPUT_FLD>X</INPUT_FLD>
       <OUTPUT_FLD>X</OUTPUT_FLD>
      </RPY_DYFATC>
      <RPY_DYFATC>
       <CONT_TYPE>TABLE_CTRL</CONT_TYPE>
       <CONT_NAME>TC_FIELDS</CONT_NAME>
       <TYPE>TEMPLATE</TYPE>
       <NAME>FIELD_INFORMATION-DECIMALS</NAME>
       <TEXT>______</TEXT>
       <LINE>001</LINE>
       <COLUMN>007</COLUMN>
       <LENGTH>006</LENGTH>
       <VISLENGTH>006</VISLENGTH>
       <HEIGHT>001</HEIGHT>
       <GROUP1>FIE</GROUP1>
       <FORMAT>NUMC</FORMAT>
       <INPUT_FLD>X</INPUT_FLD>
       <OUTPUT_FLD>X</OUTPUT_FLD>
      </RPY_DYFATC>
      <RPY_DYFATC>
       <CONT_TYPE>TABLE_CTRL</CONT_TYPE>
       <CONT_NAME>TC_FIELDS</CONT_NAME>
       <TYPE>TEMPLATE</TYPE>
       <NAME>FIELD_INFORMATION-REFTABLE</NAME>
       <TEXT>______________________________</TEXT>
       <ROLLING>X</ROLLING>
       <LINE>001</LINE>
       <COLUMN>008</COLUMN>
       <LENGTH>030</LENGTH>
       <VISLENGTH>011</VISLENGTH>
       <HEIGHT>001</HEIGHT>
       <GROUP1>FIE</GROUP1>
       <FORMAT>CHAR</FORMAT>
       <INPUT_FLD>X</INPUT_FLD>
       <OUTPUT_FLD>X</OUTPUT_FLD>
      </RPY_DYFATC>
      <RPY_DYFATC>
       <CONT_TYPE>TABLE_CTRL</CONT_TYPE>
       <CONT_NAME>TC_FIELDS</CONT_NAME>
       <TYPE>TEMPLATE</TYPE>
       <NAME>FIELD_INFORMATION-REFFIELD</NAME>
       <TEXT>______________________________</TEXT>
       <ROLLING>X</ROLLING>
       <LINE>001</LINE>
       <COLUMN>009</COLUMN>
       <LENGTH>030</LENGTH>
       <VISLENGTH>013</VISLENGTH>
       <HEIGHT>001</HEIGHT>
       <GROUP1>FIE</GROUP1>
       <FORMAT>CHAR</FORMAT>
       <INPUT_FLD>X</INPUT_FLD>
       <OUTPUT_FLD>X</OUTPUT_FLD>
      </RPY_DYFATC>
     </FIELDS>
     <FLOW_LOGIC>
      <RPY_DYFLOW>
       <LINE>process before output.</LINE>
      </RPY_DYFLOW>
      <RPY_DYFLOW>
       <LINE>  module status_9000.</LINE>
      </RPY_DYFLOW>
      <RPY_DYFLOW>
       <LINE>  module initialize_screen.</LINE>
      </RPY_DYFLOW>
      <RPY_DYFLOW>
       <LINE>*&amp;SPWIZARD: PBO FLOW LOGIC FOR TABLECONTROL &apos;TC_FIELDS&apos;</LINE>
      </RPY_DYFLOW>
      <RPY_DYFLOW>
       <LINE>  module tc_fields_change_tc_attr.</LINE>
      </RPY_DYFLOW>
      <RPY_DYFLOW>
       <LINE>*&amp;SPWIZARD: MODULE TC_FIELDS_CHANGE_COL_ATTR.</LINE>
      </RPY_DYFLOW>
      <RPY_DYFLOW>
       <LINE>  loop at   gt_field_information</LINE>
      </RPY_DYFLOW>
      <RPY_DYFLOW>
       <LINE>       into field_information</LINE>
      </RPY_DYFLOW>
      <RPY_DYFLOW>
       <LINE>       with control tc_fields</LINE>
      </RPY_DYFLOW>
      <RPY_DYFLOW>
       <LINE>       cursor tc_fields-current_line.</LINE>
      </RPY_DYFLOW>
      <RPY_DYFLOW>
       <LINE>    module tc_fields_get_lines.</LINE>
      </RPY_DYFLOW>
      <RPY_DYFLOW>
       <LINE>*&amp;SPWIZARD:   MODULE TC_FIELDS_CHANGE_FIELD_ATTR</LINE>
      </RPY_DYFLOW>
      <RPY_DYFLOW>
       <LINE>  endloop.</LINE>
      </RPY_DYFLOW>
      <RPY_DYFLOW>
       <LINE>  module set_screen_output.</LINE>
      </RPY_DYFLOW>
      <RPY_DYFLOW/>
      <RPY_DYFLOW>
       <LINE>process after input.</LINE>
      </RPY_DYFLOW>
      <RPY_DYFLOW>
       <LINE>*&amp;SPWIZARD: PAI FLOW LOGIC FOR TABLECONTROL &apos;TC_FIELDS&apos;</LINE>
      </RPY_DYFLOW>
      <RPY_DYFLOW>
       <LINE>  loop at gt_field_information.</LINE>
      </RPY_DYFLOW>
      <RPY_DYFLOW>
       <LINE>    chain.</LINE>
      </RPY_DYFLOW>
      <RPY_DYFLOW>
       <LINE>      field field_information-fieldname.</LINE>
      </RPY_DYFLOW>
      <RPY_DYFLOW>
       <LINE>      field field_information-ddtext.</LINE>
      </RPY_DYFLOW>
      <RPY_DYFLOW>
       <LINE>      field field_information-keyflag.</LINE>
      </RPY_DYFLOW>
      <RPY_DYFLOW>
       <LINE>      field field_information-datatype.</LINE>
      </RPY_DYFLOW>
      <RPY_DYFLOW>
       <LINE>      field field_information-leng.</LINE>
      </RPY_DYFLOW>
      <RPY_DYFLOW>
       <LINE>      field field_information-decimals.</LINE>
      </RPY_DYFLOW>
      <RPY_DYFLOW>
       <LINE>      field field_information-reftable.</LINE>
      </RPY_DYFLOW>
      <RPY_DYFLOW>
       <LINE>      field field_information-reffield.</LINE>
      </RPY_DYFLOW>
      <RPY_DYFLOW>
       <LINE>      field field_information-rollname.</LINE>
      </RPY_DYFLOW>
      <RPY_DYFLOW>
       <LINE>      module tc_fields_modify on chain-request.</LINE>
      </RPY_DYFLOW>
      <RPY_DYFLOW>
       <LINE>    endchain.</LINE>
      </RPY_DYFLOW>
      <RPY_DYFLOW>
       <LINE>    field field_information-checkbox</LINE>
      </RPY_DYFLOW>
      <RPY_DYFLOW>
       <LINE>      module tc_fields_mark on request.</LINE>
      </RPY_DYFLOW>
      <RPY_DYFLOW>
       <LINE>  endloop.</LINE>
      </RPY_DYFLOW>
      <RPY_DYFLOW>
       <LINE>  module tc_fields_user_command.</LINE>
      </RPY_DYFLOW>
      <RPY_DYFLOW>
       <LINE>*&amp;SPWIZARD: MODULE TC_FIELDS_CHANGE_TC_ATTR.</LINE>
      </RPY_DYFLOW>
      <RPY_DYFLOW>
       <LINE>*&amp;SPWIZARD: MODULE TC_FIELDS_CHANGE_COL_ATTR.</LINE>
      </RPY_DYFLOW>
      <RPY_DYFLOW/>
      <RPY_DYFLOW>
       <LINE>  field devclass module check_devclass on input.</LINE>
      </RPY_DYFLOW>
      <RPY_DYFLOW>
       <LINE>  field tr_trkorr module check_tr_trkorr on input.</LINE>
      </RPY_DYFLOW>
      <RPY_DYFLOW>
       <LINE>  field ele_information-rollname module change_ele on request.</LINE>
      </RPY_DYFLOW>
      <RPY_DYFLOW>
       <LINE>  module user_command_9000.</LINE>
      </RPY_DYFLOW>
     </FLOW_LOGIC>
    </item>
   </DYNPROS>
   <CUA>
    <ADM>
     <ACTCODE>000002</ACTCODE>
     <PFKCODE>000003</PFKCODE>
    </ADM>
    <STA>
     <RSMPE_STAT>
      <CODE>STANDARD</CODE>
      <MODAL>D</MODAL>
      <ACTCODE>000002</ACTCODE>
      <PFKCODE>000003</PFKCODE>
      <BUTCODE>0001</BUTCODE>
      <INT_NOTE>数据字典创建</INT_NOTE>
     </RSMPE_STAT>
    </STA>
    <FUN>
     <RSMPE_FUNT>
      <CODE>BACK</CODE>
      <TEXTNO>001</TEXTNO>
      <TEXT_TYPE>S</TEXT_TYPE>
      <FUN_TEXT>返回</FUN_TEXT>
     </RSMPE_FUNT>
     <RSMPE_FUNT>
      <CODE>EXIT</CODE>
      <TEXTNO>001</TEXTNO>
      <TEXT_TYPE>S</TEXT_TYPE>
      <TEXT_NAME>ICON_CANCEL</TEXT_NAME>
      <ICON_ID>@0W@</ICON_ID>
      <FUN_TEXT>取消</FUN_TEXT>
     </RSMPE_FUNT>
     <RSMPE_FUNT>
      <CODE>PICK</CODE>
      <TEXTNO>001</TEXTNO>
      <TEXT_TYPE>S</TEXT_TYPE>
      <FUN_TEXT>双击</FUN_TEXT>
      <ICON_TEXT>双击</ICON_TEXT>
      <INFO_TEXT>双击</INFO_TEXT>
     </RSMPE_FUNT>
     <RSMPE_FUNT>
      <CODE>PICK</CODE>
      <TEXTNO>002</TEXTNO>
      <TEXT_TYPE>S</TEXT_TYPE>
      <FUN_TEXT>双击</FUN_TEXT>
      <ICON_TEXT>双击</ICON_TEXT>
      <INFO_TEXT>双击</INFO_TEXT>
      <PATH>S</PATH>
     </RSMPE_FUNT>
     <RSMPE_FUNT>
      <CODE>RW</CODE>
      <TEXTNO>001</TEXTNO>
      <TEXT_TYPE>S</TEXT_TYPE>
      <FUN_TEXT>退出</FUN_TEXT>
     </RSMPE_FUNT>
    </FUN>
    <PFK>
     <RSMPE_PFK>
      <CODE>000001</CODE>
      <PFNO>02</PFNO>
      <FUNCODE>PICK</FUNCODE>
      <FUNNO>001</FUNNO>
     </RSMPE_PFK>
     <RSMPE_PFK>
      <CODE>000002</CODE>
      <PFNO>02</PFNO>
      <FUNCODE>PICK</FUNCODE>
      <FUNNO>001</FUNNO>
     </RSMPE_PFK>
     <RSMPE_PFK>
      <CODE>000003</CODE>
      <PFNO>02</PFNO>
      <FUNCODE>PICK</FUNCODE>
      <FUNNO>002</FUNNO>
     </RSMPE_PFK>
     <RSMPE_PFK>
      <CODE>000003</CODE>
      <PFNO>03</PFNO>
      <FUNCODE>BACK</FUNCODE>
      <FUNNO>001</FUNNO>
     </RSMPE_PFK>
     <RSMPE_PFK>
      <CODE>000003</CODE>
      <PFNO>12</PFNO>
      <FUNCODE>EXIT</FUNCODE>
      <FUNNO>001</FUNNO>
     </RSMPE_PFK>
     <RSMPE_PFK>
      <CODE>000003</CODE>
      <PFNO>15</PFNO>
      <FUNCODE>RW</FUNCODE>
      <FUNNO>001</FUNNO>
     </RSMPE_PFK>
    </PFK>
    <SET>
     <RSMPE_STAF>
      <STATUS>STANDARD</STATUS>
      <FUNCTION>BACK</FUNCTION>
     </RSMPE_STAF>
     <RSMPE_STAF>
      <STATUS>STANDARD</STATUS>
      <FUNCTION>EXIT</FUNCTION>
     </RSMPE_STAF>
     <RSMPE_STAF>
      <STATUS>STANDARD</STATUS>
      <FUNCTION>PICK</FUNCTION>
     </RSMPE_STAF>
     <RSMPE_STAF>
      <STATUS>STANDARD</STATUS>
      <FUNCTION>RW</FUNCTION>
     </RSMPE_STAF>
    </SET>
    <DOC>
     <RSMPE_ATRT>
      <OBJ_TYPE>A</OBJ_TYPE>
      <OBJ_CODE>000001</OBJ_CODE>
      <MODAL>D</MODAL>
      <INT_NOTE>数据字典创建</INT_NOTE>
     </RSMPE_ATRT>
     <RSMPE_ATRT>
      <OBJ_TYPE>P</OBJ_TYPE>
      <OBJ_CODE>000001</OBJ_CODE>
      <MODAL>D</MODAL>
      <INT_NOTE>数据字典创建</INT_NOTE>
     </RSMPE_ATRT>
     <RSMPE_ATRT>
      <OBJ_TYPE>B</OBJ_TYPE>
      <OBJ_CODE>000001</OBJ_CODE>
      <SUB_CODE>0001</SUB_CODE>
      <MODAL>D</MODAL>
      <INT_NOTE>数据字典创建</INT_NOTE>
     </RSMPE_ATRT>
     <RSMPE_ATRT>
      <OBJ_TYPE>P</OBJ_TYPE>
      <OBJ_CODE>000002</OBJ_CODE>
      <MODAL>P</MODAL>
      <INT_NOTE>数据字典创建</INT_NOTE>
     </RSMPE_ATRT>
     <RSMPE_ATRT>
      <OBJ_TYPE>B</OBJ_TYPE>
      <OBJ_CODE>000002</OBJ_CODE>
      <SUB_CODE>0001</SUB_CODE>
      <MODAL>P</MODAL>
      <INT_NOTE>数据字典创建</INT_NOTE>
     </RSMPE_ATRT>
     <RSMPE_ATRT>
      <OBJ_TYPE>A</OBJ_TYPE>
      <OBJ_CODE>000002</OBJ_CODE>
      <MODAL>D</MODAL>
      <INT_NOTE>数据字典创建</INT_NOTE>
     </RSMPE_ATRT>
     <RSMPE_ATRT>
      <OBJ_TYPE>P</OBJ_TYPE>
      <OBJ_CODE>000003</OBJ_CODE>
      <MODAL>D</MODAL>
      <INT_NOTE>数据字典创建</INT_NOTE>
     </RSMPE_ATRT>
     <RSMPE_ATRT>
      <OBJ_TYPE>B</OBJ_TYPE>
      <OBJ_CODE>000003</OBJ_CODE>
      <SUB_CODE>0001</SUB_CODE>
      <MODAL>D</MODAL>
      <INT_NOTE>数据字典创建</INT_NOTE>
     </RSMPE_ATRT>
    </DOC>
    <TIT>
     <RSMPE_TITT>
      <CODE>STATUS</CODE>
      <TEXT>&amp;1</TEXT>
     </RSMPE_TITT>
    </TIT>
   </CUA>
   <TPOOL>
    <item>
     <ID>R</ID>
     <ENTRY>数据字典创建工具</ENTRY>
     <LENGTH>8</LENGTH>
    </item>
   </TPOOL>
  </asx:values>
 </asx:abap>
</abapGit>
